dc:identifier,dc:modified,ayto:medida,ayto:idSensor,ayto:intensidad,ayto:ocupacion,ayto:carga,uri
1029-fbc5d10c-fe20-11e9-b99a-005056a43242,2019-11-03T09:56:00Z,1029,1029,1020,9,36,http://datos.santander.es/api/datos/mediciones/1029-fbc5d10c-fe20-11e9-b99a-005056a43242.csv
1032-fbc8ce03-fe20-11e9-b99a-005056a43242,2019-11-03T09:56:00Z,1032,1032,300,2,12,http://datos.santander.es/api/datos/mediciones/1032-fbc8ce03-fe20-11e9-b99a-005056a43242.csv
1033-fbc9e331-fe20-11e9-b99a-005056a43242,2019-11-03T09:56:00Z,1033,1033,60,2,4,http://datos.santander.es/api/datos/mediciones/1033-fbc9e331-fe20-11e9-b99a-005056a43242.csv
1037-fbcde599-fe20-11e9-b99a-005056a43242,2019-11-03T09:56:00Z,1037,1037,120,2,6,http://datos.santander.es/api/datos/mediciones/1037-fbcde599-fe20-11e9-b99a-005056a43242.csv
1038-fbcf106b-fe20-11e9-b99a-005056a43242,2019-11-03T09:56:00Z,1038,1038,0,0,0,http://datos.santander.es/api/datos/mediciones/1038-fbcf106b-fe20-11e9-b99a-005056a43242.csv
1039-fbd0063c-fe20-11e9-b99a-005056a43242,2019-11-03T09:56:00Z,1039,1039,60,2,7,http://datos.santander.es/api/datos/mediciones/1039-fbd0063c-fe20-11e9-b99a-005056a43242.csv
1041-fbd1dad3-fe20-11e9-b99a-005056a43242,2019-11-03T09:56:00Z,1041,1041,120,2,10,http://datos.santander.es/api/datos/mediciones/1041-fbd1dad3-fe20-11e9-b99a-005056a43242.csv
1043-fbd3f8f8-fe20-11e9-b99a-005056a43242,2019-11-03T09:56:00Z,1043,1043,480,2,22,http://datos.santander.es/api/datos/mediciones/1043-fbd3f8f8-fe20-11e9-b99a-005056a43242.csv
1047-fbd88e8f-fe20-11e9-b99a-005056a43242,2019-11-03T09:56:00Z,1047,1047,0,0,0,http://datos.santander.es/api/datos/mediciones/1047-fbd88e8f-fe20-11e9-b99a-005056a43242.csv
1500-fbdd7a83-fe20-11e9-b99a-005056a43242,2019-11-03T09:56:00Z,1500,1500,480,5,40,http://datos.santander.es/api/datos/mediciones/1500-fbdd7a83-fe20-11e9-b99a-005056a43242.csv
1503-fbdf7d86-fe20-11e9-b99a-005056a43242,2019-11-03T09:56:00Z,1503,1503,24,10,12,http://datos.santander.es/api/datos/mediciones/1503-fbdf7d86-fe20-11e9-b99a-005056a43242.csv
1505-fbe15518-fe20-11e9-b99a-005056a43242,2019-11-03T09:56:00Z,1505,1505,60,0,4,http://datos.santander.es/api/datos/mediciones/1505-fbe15518-fe20-11e9-b99a-005056a43242.csv
1507-fbe307c7-fe20-11e9-b99a-005056a43242,2019-11-03T09:56:00Z,1507,1507,375,2,17,http://datos.santander.es/api/datos/mediciones/1507-fbe307c7-fe20-11e9-b99a-005056a43242.csv
1901-fbe509aa-fe20-11e9-b99a-005056a43242,2019-11-03T09:56:00Z,1901,1901,900,6,31,http://datos.santander.es/api/datos/mediciones/1901-fbe509aa-fe20-11e9-b99a-005056a43242.csv
1907-fbeb208b-fe20-11e9-b99a-005056a43242,2019-11-03T09:56:00Z,1907,1907,720,3,15,http://datos.santander.es/api/datos/mediciones/1907-fbeb208b-fe20-11e9-b99a-005056a43242.csv
1909-fbed3505-fe20-11e9-b99a-005056a43242,2019-11-03T09:56:00Z,1909,1909,480,2,22,http://datos.santander.es/api/datos/mediciones/1909-fbed3505-fe20-11e9-b99a-005056a43242.csv
2004-fbf12ef7-fe20-11e9-b99a-005056a43242,2019-11-03T09:56:00Z,2004,2004,600,46,58,http://datos.santander.es/api/datos/mediciones/2004-fbf12ef7-fe20-11e9-b99a-005056a43242.csv
2006-fbf31f66-fe20-11e9-b99a-005056a43242,2019-11-03T09:56:00Z,2006,2006,480,4,22,http://datos.santander.es/api/datos/mediciones/2006-fbf31f66-fe20-11e9-b99a-005056a43242.csv
2009-fbf5d843-fe20-11e9-b99a-005056a43242,2019-11-03T09:56:00Z,2009,2009,360,3,18,http://datos.santander.es/api/datos/mediciones/2009-fbf5d843-fe20-11e9-b99a-005056a43242.csv
2011-fbf7a7f1-fe20-11e9-b99a-005056a43242,2019-11-03T09:56:00Z,2011,2011,120,3,8,http://datos.santander.es/api/datos/mediciones/2011-fbf7a7f1-fe20-11e9-b99a-005056a43242.csv
2012-fbf89a5b-fe20-11e9-b99a-005056a43242,2019-11-03T09:56:00Z,2012,2012,720,3,26,http://datos.santander.es/api/datos/mediciones/2012-fbf89a5b-fe20-11e9-b99a-005056a43242.csv
2014-fbfa7a60-fe20-11e9-b99a-005056a43242,2019-11-03T09:56:00Z,2014,2014,240,7,27,http://datos.santander.es/api/datos/mediciones/2014-fbfa7a60-fe20-11e9-b99a-005056a43242.csv
2022-fc013c59-fe20-11e9-b99a-005056a43242,2019-11-03T09:56:00Z,2022,2022,0,0,0,http://datos.santander.es/api/datos/mediciones/2022-fc013c59-fe20-11e9-b99a-005056a43242.csv
2024-fc031503-fe20-11e9-b99a-005056a43242,2019-11-03T09:56:00Z,2024,2024,240,2,12,http://datos.santander.es/api/datos/mediciones/2024-fc031503-fe20-11e9-b99a-005056a43242.csv
2025-fc041225-fe20-11e9-b99a-005056a43242,2019-11-03T09:56:00Z,2025,2025,420,7,21,http://datos.santander.es/api/datos/mediciones/2025-fc041225-fe20-11e9-b99a-005056a43242.csv
2029-fc0736b8-fe20-11e9-b99a-005056a43242,2019-11-03T09:56:00Z,2029,2029,480,10,30,http://datos.santander.es/api/datos/mediciones/2029-fc0736b8-fe20-11e9-b99a-005056a43242.csv
2032-fc094c34-fe20-11e9-b99a-005056a43242,2019-11-03T09:56:00Z,2032,2032,360,2,15,http://datos.santander.es/api/datos/mediciones/2032-fc094c34-fe20-11e9-b99a-005056a43242.csv
2034-fc0b176d-fe20-11e9-b99a-005056a43242,2019-11-03T09:56:00Z,2034,2034,540,4,23,http://datos.santander.es/api/datos/mediciones/2034-fc0b176d-fe20-11e9-b99a-005056a43242.csv
2035-fc0c0eed-fe20-11e9-b99a-005056a43242,2019-11-03T09:56:00Z,2035,2035,180,2,14,http://datos.santander.es/api/datos/mediciones/2035-fc0c0eed-fe20-11e9-b99a-005056a43242.csv
2036-fc0d0702-fe20-11e9-b99a-005056a43242,2019-11-03T09:56:00Z,2036,2036,360,7,29,http://datos.santander.es/api/datos/mediciones/2036-fc0d0702-fe20-11e9-b99a-005056a43242.csv
2037-fc0e1793-fe20-11e9-b99a-005056a43242,2019-11-03T09:56:00Z,2037,2037,180,0,8,http://datos.santander.es/api/datos/mediciones/2037-fc0e1793-fe20-11e9-b99a-005056a43242.csv
2039-fc118520-fe20-11e9-b99a-005056a43242,2019-11-03T09:56:00Z,2039,2039,0,0,0,http://datos.santander.es/api/datos/mediciones/2039-fc118520-fe20-11e9-b99a-005056a43242.csv
2041-fc13afb0-fe20-11e9-b99a-005056a43242,2019-11-03T09:56:00Z,2041,2041,180,2,8,http://datos.santander.es/api/datos/mediciones/2041-fc13afb0-fe20-11e9-b99a-005056a43242.csv
2042-fc14a101-fe20-11e9-b99a-005056a43242,2019-11-03T09:56:00Z,2042,2042,242,10,24,http://datos.santander.es/api/datos/mediciones/2042-fc14a101-fe20-11e9-b99a-005056a43242.csv
2045-fc176f43-fe20-11e9-b99a-005056a43242,2019-11-03T09:56:00Z,2045,2045,120,2,6,http://datos.santander.es/api/datos/mediciones/2045-fc176f43-fe20-11e9-b99a-005056a43242.csv
2047-fc195d56-fe20-11e9-b99a-005056a43242,2019-11-03T09:56:00Z,2047,2047,60,3,8,http://datos.santander.es/api/datos/mediciones/2047-fc195d56-fe20-11e9-b99a-005056a43242.csv
2049-fc1b4f24-fe20-11e9-b99a-005056a43242,2019-11-03T09:56:00Z,2049,2049,240,7,27,http://datos.santander.es/api/datos/mediciones/2049-fc1b4f24-fe20-11e9-b99a-005056a43242.csv
2051-fc1d0b8d-fe20-11e9-b99a-005056a43242,2019-11-03T09:56:00Z,2051,2051,240,7,27,http://datos.santander.es/api/datos/mediciones/2051-fc1d0b8d-fe20-11e9-b99a-005056a43242.csv
2053-fc1f0df4-fe20-11e9-b99a-005056a43242,2019-11-03T09:56:00Z,2053,2053,0,0,0,http://datos.santander.es/api/datos/mediciones/2053-fc1f0df4-fe20-11e9-b99a-005056a43242.csv
2056-fc222fa5-fe20-11e9-b99a-005056a43242,2019-11-03T09:56:00Z,2056,2056,604,32,69,http://datos.santander.es/api/datos/mediciones/2056-fc222fa5-fe20-11e9-b99a-005056a43242.csv
2060-fc264f14-fe20-11e9-b99a-005056a43242,2019-11-03T09:56:00Z,2060,2060,0,0,0,http://datos.santander.es/api/datos/mediciones/2060-fc264f14-fe20-11e9-b99a-005056a43242.csv
2064-fc2a8e13-fe20-11e9-b99a-005056a43242,2019-11-03T09:56:00Z,2064,2064,240,14,21,http://datos.santander.es/api/datos/mediciones/2064-fc2a8e13-fe20-11e9-b99a-005056a43242.csv
2069-fc2fd5b2-fe20-11e9-b99a-005056a43242,2019-11-03T09:56:00Z,2069,2069,120,3,11,http://datos.santander.es/api/datos/mediciones/2069-fc2fd5b2-fe20-11e9-b99a-005056a43242.csv
2073-fc33ae60-fe20-11e9-b99a-005056a43242,2019-11-03T09:56:00Z,2073,2073,24,4,6,http://datos.santander.es/api/datos/mediciones/2073-fc33ae60-fe20-11e9-b99a-005056a43242.csv
2075-fc35c2a5-fe20-11e9-b99a-005056a43242,2019-11-03T09:56:00Z,2075,2075,660,6,32,http://datos.santander.es/api/datos/mediciones/2075-fc35c2a5-fe20-11e9-b99a-005056a43242.csv
2076-fc36ee51-fe20-11e9-b99a-005056a43242,2019-11-03T09:56:00Z,2076,2076,720,6,23,http://datos.santander.es/api/datos/mediciones/2076-fc36ee51-fe20-11e9-b99a-005056a43242.csv
2079-fc3a199a-fe20-11e9-b99a-005056a43242,2019-11-03T09:56:00Z,2079,2079,900,10,35,http://datos.santander.es/api/datos/mediciones/2079-fc3a199a-fe20-11e9-b99a-005056a43242.csv
2081-fc3c1808-fe20-11e9-b99a-005056a43242,2019-11-03T09:56:00Z,2081,2081,0,0,0,http://datos.santander.es/api/datos/mediciones/2081-fc3c1808-fe20-11e9-b99a-005056a43242.csv
2503-fc405eca-fe20-11e9-b99a-005056a43242,2019-11-03T09:56:00Z,2503,2503,240,2,12,http://datos.santander.es/api/datos/mediciones/2503-fc405eca-fe20-11e9-b99a-005056a43242.csv
2504-fc41a125-fe20-11e9-b99a-005056a43242,2019-11-03T09:56:00Z,2504,2504,240,2,12,http://datos.santander.es/api/datos/mediciones/2504-fc41a125-fe20-11e9-b99a-005056a43242.csv
2506-fc43e952-fe20-11e9-b99a-005056a43242,2019-11-03T09:56:00Z,2506,2506,180,0,8,http://datos.santander.es/api/datos/mediciones/2506-fc43e952-fe20-11e9-b99a-005056a43242.csv
2507-fc44e8d1-fe20-11e9-b99a-005056a43242,2019-11-03T09:56:00Z,2507,2507,540,4,23,http://datos.santander.es/api/datos/mediciones/2507-fc44e8d1-fe20-11e9-b99a-005056a43242.csv
2510-fc485bb0-fe20-11e9-b99a-005056a43242,2019-11-03T09:56:00Z,2510,2510,120,2,11,http://datos.santander.es/api/datos/mediciones/2510-fc485bb0-fe20-11e9-b99a-005056a43242.csv
2511-fc49ea60-fe20-11e9-b99a-005056a43242,2019-11-03T09:56:00Z,2511,2511,240,10,19,http://datos.santander.es/api/datos/mediciones/2511-fc49ea60-fe20-11e9-b99a-005056a43242.csv
2512-fc4b03df-fe20-11e9-b99a-005056a43242,2019-11-03T09:56:00Z,2512,2512,240,10,19,http://datos.santander.es/api/datos/mediciones/2512-fc4b03df-fe20-11e9-b99a-005056a43242.csv
2514-fc4cfeb4-fe20-11e9-b99a-005056a43242,2019-11-03T09:56:00Z,2514,2514,480,4,22,http://datos.santander.es/api/datos/mediciones/2514-fc4cfeb4-fe20-11e9-b99a-005056a43242.csv
2517-fc4fd08a-fe20-11e9-b99a-005056a43242,2019-11-03T09:56:00Z,2517,2517,300,53,64,http://datos.santander.es/api/datos/mediciones/2517-fc4fd08a-fe20-11e9-b99a-005056a43242.csv
2519-fc519fd5-fe20-11e9-b99a-005056a43242,2019-11-03T09:56:00Z,2519,2519,300,53,64,http://datos.santander.es/api/datos/mediciones/2519-fc519fd5-fe20-11e9-b99a-005056a43242.csv
2520-fc529104-fe20-11e9-b99a-005056a43242,2019-11-03T09:56:00Z,2520,2520,540,4,23,http://datos.santander.es/api/datos/mediciones/2520-fc529104-fe20-11e9-b99a-005056a43242.csv
2521-fc53b657-fe20-11e9-b99a-005056a43242,2019-11-03T09:56:00Z,2521,2521,162,4,10,http://datos.santander.es/api/datos/mediciones/2521-fc53b657-fe20-11e9-b99a-005056a43242.csv
2522-fc54b11b-fe20-11e9-b99a-005056a43242,2019-11-03T09:56:00Z,2522,2522,180,0,8,http://datos.santander.es/api/datos/mediciones/2522-fc54b11b-fe20-11e9-b99a-005056a43242.csv
2523-fc55ad5d-fe20-11e9-b99a-005056a43242,2019-11-03T09:56:00Z,2523,2523,180,0,8,http://datos.santander.es/api/datos/mediciones/2523-fc55ad5d-fe20-11e9-b99a-005056a43242.csv
2524-fc56c40e-fe20-11e9-b99a-005056a43242,2019-11-03T09:56:00Z,2524,2524,540,4,23,http://datos.santander.es/api/datos/mediciones/2524-fc56c40e-fe20-11e9-b99a-005056a43242.csv
2901-fc57c04d-fe20-11e9-b99a-005056a43242,2019-11-03T09:56:00Z,2901,2901,420,2,19,http://datos.santander.es/api/datos/mediciones/2901-fc57c04d-fe20-11e9-b99a-005056a43242.csv
2902-fc58ddbd-fe20-11e9-b99a-005056a43242,2019-11-03T09:56:00Z,2902,2902,360,3,18,http://datos.santander.es/api/datos/mediciones/2902-fc58ddbd-fe20-11e9-b99a-005056a43242.csv
2905-fc5baa78-fe20-11e9-b99a-005056a43242,2019-11-03T09:56:00Z,2905,2905,660,6,32,http://datos.santander.es/api/datos/mediciones/2905-fc5baa78-fe20-11e9-b99a-005056a43242.csv
2907-fc5dccd4-fe20-11e9-b99a-005056a43242,2019-11-03T09:56:00Z,2907,2907,240,2,12,http://datos.santander.es/api/datos/mediciones/2907-fc5dccd4-fe20-11e9-b99a-005056a43242.csv
2908-fc5ec678-fe20-11e9-b99a-005056a43242,2019-11-03T09:56:00Z,2908,2908,560,3,22,http://datos.santander.es/api/datos/mediciones/2908-fc5ec678-fe20-11e9-b99a-005056a43242.csv
2910-fc60c919-fe20-11e9-b99a-005056a43242,2019-11-03T09:56:00Z,2910,2910,900,10,44,http://datos.santander.es/api/datos/mediciones/2910-fc60c919-fe20-11e9-b99a-005056a43242.csv
2911-fc61a782-fe20-11e9-b99a-005056a43242,2019-11-03T09:56:00Z,2911,2911,420,7,21,http://datos.santander.es/api/datos/mediciones/2911-fc61a782-fe20-11e9-b99a-005056a43242.csv
2914-fc644d02-fe20-11e9-b99a-005056a43242,2019-11-03T09:56:00Z,2914,2914,1380,11,40,http://datos.santander.es/api/datos/mediciones/2914-fc644d02-fe20-11e9-b99a-005056a43242.csv
2915-fc65418d-fe20-11e9-b99a-005056a43242,2019-11-03T09:56:00Z,2915,2915,480,2,14,http://datos.santander.es/api/datos/mediciones/2915-fc65418d-fe20-11e9-b99a-005056a43242.csv
2931-fc672573-fe20-11e9-b99a-005056a43242,2019-11-03T09:56:00Z,2931,2931,360,7,29,http://datos.santander.es/api/datos/mediciones/2931-fc672573-fe20-11e9-b99a-005056a43242.csv
2932-fc68252c-fe20-11e9-b99a-005056a43242,2019-11-03T09:56:00Z,2932,2932,540,4,23,http://datos.santander.es/api/datos/mediciones/2932-fc68252c-fe20-11e9-b99a-005056a43242.csv
3002-fc6a2e34-fe20-11e9-b99a-005056a43242,2019-11-03T09:56:00Z,3002,3002,180,2,14,http://datos.santander.es/api/datos/mediciones/3002-fc6a2e34-fe20-11e9-b99a-005056a43242.csv
3007-fc6ef5bb-fe20-11e9-b99a-005056a43242,2019-11-03T09:56:00Z,3007,3007,180,3,16,http://datos.santander.es/api/datos/mediciones/3007-fc6ef5bb-fe20-11e9-b99a-005056a43242.csv
3009-fc7124c5-fe20-11e9-b99a-005056a43242,2019-11-03T09:56:00Z,3009,3009,300,4,15,http://datos.santander.es/api/datos/mediciones/3009-fc7124c5-fe20-11e9-b99a-005056a43242.csv
3010-fc72a2a6-fe20-11e9-b99a-005056a43242,2019-11-03T09:56:00Z,3010,3010,120,100,100,http://datos.santander.es/api/datos/mediciones/3010-fc72a2a6-fe20-11e9-b99a-005056a43242.csv
3013-fc75a72f-fe20-11e9-b99a-005056a43242,2019-11-03T09:56:00Z,3013,3013,180,2,16,http://datos.santander.es/api/datos/mediciones/3013-fc75a72f-fe20-11e9-b99a-005056a43242.csv
3014-fc76b6a9-fe20-11e9-b99a-005056a43242,2019-11-03T09:56:00Z,3014,3014,180,3,16,http://datos.santander.es/api/datos/mediciones/3014-fc76b6a9-fe20-11e9-b99a-005056a43242.csv
3015-fc77a1a0-fe20-11e9-b99a-005056a43242,2019-11-03T09:56:00Z,3015,3015,120,3,11,http://datos.santander.es/api/datos/mediciones/3015-fc77a1a0-fe20-11e9-b99a-005056a43242.csv
3017-fc799b89-fe20-11e9-b99a-005056a43242,2019-11-03T09:56:00Z,3017,3017,300,5,24,http://datos.santander.es/api/datos/mediciones/3017-fc799b89-fe20-11e9-b99a-005056a43242.csv
3019-fc7b4281-fe20-11e9-b99a-005056a43242,2019-11-03T09:56:00Z,3019,3019,180,2,9,http://datos.santander.es/api/datos/mediciones/3019-fc7b4281-fe20-11e9-b99a-005056a43242.csv
3021-fc7d255e-fe20-11e9-b99a-005056a43242,2019-11-03T09:56:00Z,3021,3021,180,2,14,http://datos.santander.es/api/datos/mediciones/3021-fc7d255e-fe20-11e9-b99a-005056a43242.csv
3022-fc7e04cf-fe20-11e9-b99a-005056a43242,2019-11-03T09:56:00Z,3022,3022,420,8,34,http://datos.santander.es/api/datos/mediciones/3022-fc7e04cf-fe20-11e9-b99a-005056a43242.csv
3024-fc7fdcf5-fe20-11e9-b99a-005056a43242,2019-11-03T09:56:00Z,3024,3024,0,0,0,http://datos.santander.es/api/datos/mediciones/3024-fc7fdcf5-fe20-11e9-b99a-005056a43242.csv
3029-fc8488f9-fe20-11e9-b99a-005056a43242,2019-11-03T09:56:00Z,3029,3029,180,2,16,http://datos.santander.es/api/datos/mediciones/3029-fc8488f9-fe20-11e9-b99a-005056a43242.csv
3030-fc857987-fe20-11e9-b99a-005056a43242,2019-11-03T09:56:00Z,3030,3030,180,2,16,http://datos.santander.es/api/datos/mediciones/3030-fc857987-fe20-11e9-b99a-005056a43242.csv
3032-fc87986f-fe20-11e9-b99a-005056a43242,2019-11-03T09:56:00Z,3032,3032,180,2,16,http://datos.santander.es/api/datos/mediciones/3032-fc87986f-fe20-11e9-b99a-005056a43242.csv
3034-fc896f45-fe20-11e9-b99a-005056a43242,2019-11-03T09:56:00Z,3034,3034,120,2,11,http://datos.santander.es/api/datos/mediciones/3034-fc896f45-fe20-11e9-b99a-005056a43242.csv
3036-fc8ba176-fe20-11e9-b99a-005056a43242,2019-11-03T09:56:00Z,3036,3036,180,2,16,http://datos.santander.es/api/datos/mediciones/3036-fc8ba176-fe20-11e9-b99a-005056a43242.csv
3037-fc8ca61c-fe20-11e9-b99a-005056a43242,2019-11-03T09:56:00Z,3037,3037,180,2,16,http://datos.santander.es/api/datos/mediciones/3037-fc8ca61c-fe20-11e9-b99a-005056a43242.csv
3039-fc8e9e02-fe20-11e9-b99a-005056a43242,2019-11-03T09:56:00Z,3039,3039,180,3,15,http://datos.santander.es/api/datos/mediciones/3039-fc8e9e02-fe20-11e9-b99a-005056a43242.csv
3041-fc907027-fe20-11e9-b99a-005056a43242,2019-11-03T09:56:00Z,3041,3041,120,2,10,http://datos.santander.es/api/datos/mediciones/3041-fc907027-fe20-11e9-b99a-005056a43242.csv
3042-fc91ace6-fe20-11e9-b99a-005056a43242,2019-11-03T09:56:00Z,3042,3042,60,0,4,http://datos.santander.es/api/datos/mediciones/3042-fc91ace6-fe20-11e9-b99a-005056a43242.csv
3043-fc93721b-fe20-11e9-b99a-005056a43242,2019-11-03T09:56:00Z,3043,3043,180,7,18,http://datos.santander.es/api/datos/mediciones/3043-fc93721b-fe20-11e9-b99a-005056a43242.csv
3049-fc9957df-fe20-11e9-b99a-005056a43242,2019-11-03T09:56:00Z,3049,3049,180,2,16,http://datos.santander.es/api/datos/mediciones/3049-fc9957df-fe20-11e9-b99a-005056a43242.csv
3051-fc9b2ab3-fe20-11e9-b99a-005056a43242,2019-11-03T09:56:00Z,3051,3051,240,5,23,http://datos.santander.es/api/datos/mediciones/3051-fc9b2ab3-fe20-11e9-b99a-005056a43242.csv
3052-fc9c1424-fe20-11e9-b99a-005056a43242,2019-11-03T09:56:00Z,3052,3052,0,0,0,http://datos.santander.es/api/datos/mediciones/3052-fc9c1424-fe20-11e9-b99a-005056a43242.csv
3054-fc9dfb61-fe20-11e9-b99a-005056a43242,2019-11-03T09:56:00Z,3054,3054,60,2,6,http://datos.santander.es/api/datos/mediciones/3054-fc9dfb61-fe20-11e9-b99a-005056a43242.csv
3056-fca02187-fe20-11e9-b99a-005056a43242,2019-11-03T09:56:00Z,3056,3056,120,2,11,http://datos.santander.es/api/datos/mediciones/3056-fca02187-fe20-11e9-b99a-005056a43242.csv
3058-fca1e5d4-fe20-11e9-b99a-005056a43242,2019-11-03T09:56:00Z,3058,3058,180,2,16,http://datos.santander.es/api/datos/mediciones/3058-fca1e5d4-fe20-11e9-b99a-005056a43242.csv
3059-fca2fb41-fe20-11e9-b99a-005056a43242,2019-11-03T09:56:00Z,3059,3059,180,2,8,http://datos.santander.es/api/datos/mediciones/3059-fca2fb41-fe20-11e9-b99a-005056a43242.csv
3062-fca663a0-fe20-11e9-b99a-005056a43242,2019-11-03T09:56:00Z,3062,3062,60,2,7,http://datos.santander.es/api/datos/mediciones/3062-fca663a0-fe20-11e9-b99a-005056a43242.csv
3063-fca75c4a-fe20-11e9-b99a-005056a43242,2019-11-03T09:56:00Z,3063,3063,120,2,11,http://datos.santander.es/api/datos/mediciones/3063-fca75c4a-fe20-11e9-b99a-005056a43242.csv
3064-fca89820-fe20-11e9-b99a-005056a43242,2019-11-03T09:56:00Z,3064,3064,180,2,14,http://datos.santander.es/api/datos/mediciones/3064-fca89820-fe20-11e9-b99a-005056a43242.csv
3068-fcad036d-fe20-11e9-b99a-005056a43242,2019-11-03T09:56:00Z,3068,3068,300,10,31,http://datos.santander.es/api/datos/mediciones/3068-fcad036d-fe20-11e9-b99a-005056a43242.csv
3069-fcae2707-fe20-11e9-b99a-005056a43242,2019-11-03T09:56:00Z,3069,3069,0,0,0,http://datos.santander.es/api/datos/mediciones/3069-fcae2707-fe20-11e9-b99a-005056a43242.csv
3076-fcb5743b-fe20-11e9-b99a-005056a43242,2019-11-03T09:56:00Z,3076,3076,180,2,9,http://datos.santander.es/api/datos/mediciones/3076-fcb5743b-fe20-11e9-b99a-005056a43242.csv
3077-fcb693d8-fe20-11e9-b99a-005056a43242,2019-11-03T09:56:00Z,3077,3077,180,2,9,http://datos.santander.es/api/datos/mediciones/3077-fcb693d8-fe20-11e9-b99a-005056a43242.csv
3079-fcb8a153-fe20-11e9-b99a-005056a43242,2019-11-03T09:56:00Z,3079,3079,240,2,12,http://datos.santander.es/api/datos/mediciones/3079-fcb8a153-fe20-11e9-b99a-005056a43242.csv
3080-fcb9af5e-fe20-11e9-b99a-005056a43242,2019-11-03T09:56:00Z,3080,3080,420,3,20,http://datos.santander.es/api/datos/mediciones/3080-fcb9af5e-fe20-11e9-b99a-005056a43242.csv
3081-fcbac7ee-fe20-11e9-b99a-005056a43242,2019-11-03T09:56:00Z,3081,3081,240,5,14,http://datos.santander.es/api/datos/mediciones/3081-fcbac7ee-fe20-11e9-b99a-005056a43242.csv
3084-fcbce796-fe20-11e9-b99a-005056a43242,2019-11-03T09:56:00Z,3084,3084,180,2,16,http://datos.santander.es/api/datos/mediciones/3084-fcbce796-fe20-11e9-b99a-005056a43242.csv
3085-fcbe1cb0-fe20-11e9-b99a-005056a43242,2019-11-03T09:56:00Z,3085,3085,180,2,16,http://datos.santander.es/api/datos/mediciones/3085-fcbe1cb0-fe20-11e9-b99a-005056a43242.csv
3087-fcc0a6de-fe20-11e9-b99a-005056a43242,2019-11-03T09:56:00Z,3087,3087,0,0,0,http://datos.santander.es/api/datos/mediciones/3087-fcc0a6de-fe20-11e9-b99a-005056a43242.csv
3088-fcc19ed6-fe20-11e9-b99a-005056a43242,2019-11-03T09:56:00Z,3088,3088,60,3,7,http://datos.santander.es/api/datos/mediciones/3088-fcc19ed6-fe20-11e9-b99a-005056a43242.csv
3091-fcc4b5ee-fe20-11e9-b99a-005056a43242,2019-11-03T09:56:00Z,3091,3091,120,2,11,http://datos.santander.es/api/datos/mediciones/3091-fcc4b5ee-fe20-11e9-b99a-005056a43242.csv
3093-fcc6a8a3-fe20-11e9-b99a-005056a43242,2019-11-03T09:56:00Z,3093,3093,540,5,23,http://datos.santander.es/api/datos/mediciones/3093-fcc6a8a3-fe20-11e9-b99a-005056a43242.csv
3509-fcc8a266-fe20-11e9-b99a-005056a43242,2019-11-03T09:56:00Z,3509,3509,420,5,36,http://datos.santander.es/api/datos/mediciones/3509-fcc8a266-fe20-11e9-b99a-005056a43242.csv
3511-fccaa572-fe20-11e9-b99a-005056a43242,2019-11-03T09:56:00Z,3511,3511,300,5,24,http://datos.santander.es/api/datos/mediciones/3511-fccaa572-fe20-11e9-b99a-005056a43242.csv
3513-fccca71b-fe20-11e9-b99a-005056a43242,2019-11-03T09:56:00Z,3513,3513,300,5,24,http://datos.santander.es/api/datos/mediciones/3513-fccca71b-fe20-11e9-b99a-005056a43242.csv
3518-fccd9db7-fe20-11e9-b99a-005056a43242,2019-11-03T09:56:00Z,3518,3518,180,3,10,http://datos.santander.es/api/datos/mediciones/3518-fccd9db7-fe20-11e9-b99a-005056a43242.csv
3522-fccfa2b0-fe20-11e9-b99a-005056a43242,2019-11-03T09:56:00Z,3522,3522,240,3,21,http://datos.santander.es/api/datos/mediciones/3522-fccfa2b0-fe20-11e9-b99a-005056a43242.csv
3536-fcd87c8b-fe20-11e9-b99a-005056a43242,2019-11-03T09:56:00Z,3536,3536,240,5,23,http://datos.santander.es/api/datos/mediciones/3536-fcd87c8b-fe20-11e9-b99a-005056a43242.csv
3537-fcd95e2f-fe20-11e9-b99a-005056a43242,2019-11-03T09:56:00Z,3537,3537,360,7,33,http://datos.santander.es/api/datos/mediciones/3537-fcd95e2f-fe20-11e9-b99a-005056a43242.csv
3539-fcdb68ab-fe20-11e9-b99a-005056a43242,2019-11-03T09:56:00Z,3539,3539,360,7,33,http://datos.santander.es/api/datos/mediciones/3539-fcdb68ab-fe20-11e9-b99a-005056a43242.csv
3545-fcde8e92-fe20-11e9-b99a-005056a43242,2019-11-03T09:56:00Z,3545,3545,180,2,16,http://datos.santander.es/api/datos/mediciones/3545-fcde8e92-fe20-11e9-b99a-005056a43242.csv
3547-fce0a4a3-fe20-11e9-b99a-005056a43242,2019-11-03T09:56:00Z,3547,3547,60,100,100,http://datos.santander.es/api/datos/mediciones/3547-fce0a4a3-fe20-11e9-b99a-005056a43242.csv
3549-fce29564-fe20-11e9-b99a-005056a43242,2019-11-03T09:56:00Z,3549,3549,360,7,33,http://datos.santander.es/api/datos/mediciones/3549-fce29564-fe20-11e9-b99a-005056a43242.csv
3902-fce490bc-fe20-11e9-b99a-005056a43242,2019-11-03T09:56:00Z,3902,3902,600,5,24,http://datos.santander.es/api/datos/mediciones/3902-fce490bc-fe20-11e9-b99a-005056a43242.csv
3903-fce5681b-fe20-11e9-b99a-005056a43242,2019-11-03T09:56:00Z,3903,3903,72,6,11,http://datos.santander.es/api/datos/mediciones/3903-fce5681b-fe20-11e9-b99a-005056a43242.csv
3906-fce86a5a-fe20-11e9-b99a-005056a43242,2019-11-03T09:56:00Z,3906,3906,0,0,0,http://datos.santander.es/api/datos/mediciones/3906-fce86a5a-fe20-11e9-b99a-005056a43242.csv
3907-fce9756e-fe20-11e9-b99a-005056a43242,2019-11-03T09:56:00Z,3907,3907,120,3,7,http://datos.santander.es/api/datos/mediciones/3907-fce9756e-fe20-11e9-b99a-005056a43242.csv
3909-fcebb262-fe20-11e9-b99a-005056a43242,2019-11-03T09:56:00Z,3909,3909,0,0,0,http://datos.santander.es/api/datos/mediciones/3909-fcebb262-fe20-11e9-b99a-005056a43242.csv
3910-fcec9e39-fe20-11e9-b99a-005056a43242,2019-11-03T09:56:00Z,3910,3910,180,2,9,http://datos.santander.es/api/datos/mediciones/3910-fcec9e39-fe20-11e9-b99a-005056a43242.csv
3911-fced8542-fe20-11e9-b99a-005056a43242,2019-11-03T09:56:00Z,3911,3911,60,3,7,http://datos.santander.es/api/datos/mediciones/3911-fced8542-fe20-11e9-b99a-005056a43242.csv
3912-fcee835a-fe20-11e9-b99a-005056a43242,2019-11-03T09:56:00Z,3912,3912,420,8,34,http://datos.santander.es/api/datos/mediciones/3912-fcee835a-fe20-11e9-b99a-005056a43242.csv
3915-fcf18046-fe20-11e9-b99a-005056a43242,2019-11-03T09:56:00Z,3915,3915,300,5,24,http://datos.santander.es/api/datos/mediciones/3915-fcf18046-fe20-11e9-b99a-005056a43242.csv
3919-fcf5c027-fe20-11e9-b99a-005056a43242,2019-11-03T09:56:00Z,3919,3919,240,3,21,http://datos.santander.es/api/datos/mediciones/3919-fcf5c027-fe20-11e9-b99a-005056a43242.csv
3921-fcf79f76-fe20-11e9-b99a-005056a43242,2019-11-03T09:56:00Z,3921,3921,180,2,16,http://datos.santander.es/api/datos/mediciones/3921-fcf79f76-fe20-11e9-b99a-005056a43242.csv
3922-fcf89c89-fe20-11e9-b99a-005056a43242,2019-11-03T09:56:00Z,3922,3922,60,100,100,http://datos.santander.es/api/datos/mediciones/3922-fcf89c89-fe20-11e9-b99a-005056a43242.csv
3924-fcfab828-fe20-11e9-b99a-005056a43242,2019-11-03T09:56:00Z,3924,3924,720,5,31,http://datos.santander.es/api/datos/mediciones/3924-fcfab828-fe20-11e9-b99a-005056a43242.csv
4002-fcfe1ba3-fe20-11e9-b99a-005056a43242,2019-11-03T09:56:00Z,4002,4002,322,5,15,http://datos.santander.es/api/datos/mediciones/4002-fcfe1ba3-fe20-11e9-b99a-005056a43242.csv
4004-fd005b9f-fe20-11e9-b99a-005056a43242,2019-11-03T09:56:00Z,4004,4004,413,4,17,http://datos.santander.es/api/datos/mediciones/4004-fd005b9f-fe20-11e9-b99a-005056a43242.csv
4005-fd01824b-fe20-11e9-b99a-005056a43242,2019-11-03T09:56:00Z,4005,4005,211,5,12,http://datos.santander.es/api/datos/mediciones/4005-fd01824b-fe20-11e9-b99a-005056a43242.csv
4007-fd039aa7-fe20-11e9-b99a-005056a43242,2019-11-03T09:56:00Z,4007,4007,237,2,10,http://datos.santander.es/api/datos/mediciones/4007-fd039aa7-fe20-11e9-b99a-005056a43242.csv
4009-fd05b536-fe20-11e9-b99a-005056a43242,2019-11-03T09:56:00Z,4009,4009,146,2,12,http://datos.santander.es/api/datos/mediciones/4009-fd05b536-fe20-11e9-b99a-005056a43242.csv
4011-fd07d7e1-fe20-11e9-b99a-005056a43242,2019-11-03T09:56:00Z,4011,4011,378,6,18,http://datos.santander.es/api/datos/mediciones/4011-fd07d7e1-fe20-11e9-b99a-005056a43242.csv
4014-fd0a3289-fe20-11e9-b99a-005056a43242,2019-11-03T09:56:00Z,4014,4014,200,4,10,http://datos.santander.es/api/datos/mediciones/4014-fd0a3289-fe20-11e9-b99a-005056a43242.csv
4015-fd0b70a5-fe20-11e9-b99a-005056a43242,2019-11-03T09:56:00Z,4015,4015,287,10,19,http://datos.santander.es/api/datos/mediciones/4015-fd0b70a5-fe20-11e9-b99a-005056a43242.csv
4017-fd0de611-fe20-11e9-b99a-005056a43242,2019-11-03T09:56:00Z,4017,4017,245,9,16,http://datos.santander.es/api/datos/mediciones/4017-fd0de611-fe20-11e9-b99a-005056a43242.csv
4019-fd0fdf7b-fe20-11e9-b99a-005056a43242,2019-11-03T09:56:00Z,4019,4019,566,10,27,http://datos.santander.es/api/datos/mediciones/4019-fd0fdf7b-fe20-11e9-b99a-005056a43242.csv
4021-fd11d84c-fe20-11e9-b99a-005056a43242,2019-11-03T09:56:00Z,4021,4021,359,10,21,http://datos.santander.es/api/datos/mediciones/4021-fd11d84c-fe20-11e9-b99a-005056a43242.csv
4023-fd13e620-fe20-11e9-b99a-005056a43242,2019-11-03T09:56:00Z,4023,4023,393,27,37,http://datos.santander.es/api/datos/mediciones/4023-fd13e620-fe20-11e9-b99a-005056a43242.csv
4026-fd171536-fe20-11e9-b99a-005056a43242,2019-11-03T09:56:00Z,4026,4026,368,10,21,http://datos.santander.es/api/datos/mediciones/4026-fd171536-fe20-11e9-b99a-005056a43242.csv
4028-fd190b1a-fe20-11e9-b99a-005056a43242,2019-11-03T09:56:00Z,4028,4028,287,7,16,http://datos.santander.es/api/datos/mediciones/4028-fd190b1a-fe20-11e9-b99a-005056a43242.csv
4029-fd19e2b2-fe20-11e9-b99a-005056a43242,2019-11-03T09:56:00Z,4029,4029,148,5,14,http://datos.santander.es/api/datos/mediciones/4029-fd19e2b2-fe20-11e9-b99a-005056a43242.csv
4032-fd1caf7a-fe20-11e9-b99a-005056a43242,2019-11-03T09:56:00Z,4032,4032,525,10,26,http://datos.santander.es/api/datos/mediciones/4032-fd1caf7a-fe20-11e9-b99a-005056a43242.csv
4033-fd1d9b23-fe20-11e9-b99a-005056a43242,2019-11-03T09:56:00Z,4033,4033,545,5,22,http://datos.santander.es/api/datos/mediciones/4033-fd1d9b23-fe20-11e9-b99a-005056a43242.csv
4034-fd1e74f1-fe20-11e9-b99a-005056a43242,2019-11-03T09:56:00Z,4034,4034,204,3,17,http://datos.santander.es/api/datos/mediciones/4034-fd1e74f1-fe20-11e9-b99a-005056a43242.csv
5001-fd209154-fe20-11e9-b99a-005056a43242,2019-11-03T09:56:00Z,5001,5001,0,0,0,http://datos.santander.es/api/datos/mediciones/5001-fd209154-fe20-11e9-b99a-005056a43242.csv
5003-fd2286e9-fe20-11e9-b99a-005056a43242,2019-11-03T09:56:00Z,5003,5003,0,0,0,http://datos.santander.es/api/datos/mediciones/5003-fd2286e9-fe20-11e9-b99a-005056a43242.csv
5005-fd247616-fe20-11e9-b99a-005056a43242,2019-11-03T09:56:00Z,5005,5005,60,15,19,http://datos.santander.es/api/datos/mediciones/5005-fd247616-fe20-11e9-b99a-005056a43242.csv
5006-fd2560a8-fe20-11e9-b99a-005056a43242,2019-11-03T09:56:00Z,5006,5006,0,0,0,http://datos.santander.es/api/datos/mediciones/5006-fd2560a8-fe20-11e9-b99a-005056a43242.csv
5008-fd2734a9-fe20-11e9-b99a-005056a43242,2019-11-03T09:56:00Z,5008,5008,120,1,5,http://datos.santander.es/api/datos/mediciones/5008-fd2734a9-fe20-11e9-b99a-005056a43242.csv
5014-fd2b0e63-fe20-11e9-b99a-005056a43242,2019-11-03T09:56:00Z,5014,5014,0,0,0,http://datos.santander.es/api/datos/mediciones/5014-fd2b0e63-fe20-11e9-b99a-005056a43242.csv
5015-fd2c005c-fe20-11e9-b99a-005056a43242,2019-11-03T09:56:00Z,5015,5015,0,0,0,http://datos.santander.es/api/datos/mediciones/5015-fd2c005c-fe20-11e9-b99a-005056a43242.csv
5017-fd2dec29-fe20-11e9-b99a-005056a43242,2019-11-03T09:56:00Z,5017,5017,16,1,2,http://datos.santander.es/api/datos/mediciones/5017-fd2dec29-fe20-11e9-b99a-005056a43242.csv
5018-fd2ee35d-fe20-11e9-b99a-005056a43242,2019-11-03T09:56:00Z,5018,5018,16,1,2,http://datos.santander.es/api/datos/mediciones/5018-fd2ee35d-fe20-11e9-b99a-005056a43242.csv
5019-fd2fd931-fe20-11e9-b99a-005056a43242,2019-11-03T09:56:00Z,5019,5019,0,0,0,http://datos.santander.es/api/datos/mediciones/5019-fd2fd931-fe20-11e9-b99a-005056a43242.csv
5020-fd30b988-fe20-11e9-b99a-005056a43242,2019-11-03T09:56:00Z,5020,5020,0,0,0,http://datos.santander.es/api/datos/mediciones/5020-fd30b988-fe20-11e9-b99a-005056a43242.csv
5023-fd33ce02-fe20-11e9-b99a-005056a43242,2019-11-03T09:56:00Z,5023,5023,0,0,0,http://datos.santander.es/api/datos/mediciones/5023-fd33ce02-fe20-11e9-b99a-005056a43242.csv
5025-fd35e015-fe20-11e9-b99a-005056a43242,2019-11-03T09:56:00Z,5025,5025,0,0,0,http://datos.santander.es/api/datos/mediciones/5025-fd35e015-fe20-11e9-b99a-005056a43242.csv
5027-fd37aa6c-fe20-11e9-b99a-005056a43242,2019-11-03T09:56:00Z,5027,5027,60,26,29,http://datos.santander.es/api/datos/mediciones/5027-fd37aa6c-fe20-11e9-b99a-005056a43242.csv
5028-fd389744-fe20-11e9-b99a-005056a43242,2019-11-03T09:56:00Z,5028,5028,0,0,0,http://datos.santander.es/api/datos/mediciones/5028-fd389744-fe20-11e9-b99a-005056a43242.csv
5029-fd39860a-fe20-11e9-b99a-005056a43242,2019-11-03T09:56:00Z,5029,5029,0,0,0,http://datos.santander.es/api/datos/mediciones/5029-fd39860a-fe20-11e9-b99a-005056a43242.csv
6001-fd3a95bb-fe20-11e9-b99a-005056a43242,2019-11-03T09:56:00Z,6001,6001,0,0,0,http://datos.santander.es/api/datos/mediciones/6001-fd3a95bb-fe20-11e9-b99a-005056a43242.csv
6002-fd3b924c-fe20-11e9-b99a-005056a43242,2019-11-03T09:56:00Z,6002,6002,0,0,0,http://datos.santander.es/api/datos/mediciones/6002-fd3b924c-fe20-11e9-b99a-005056a43242.csv
6003-fd3c97f7-fe20-11e9-b99a-005056a43242,2019-11-03T09:56:00Z,6003,6003,0,0,0,http://datos.santander.es/api/datos/mediciones/6003-fd3c97f7-fe20-11e9-b99a-005056a43242.csv
6007-fd406990-fe20-11e9-b99a-005056a43242,2019-11-03T09:56:00Z,6007,6007,0,0,0,http://datos.santander.es/api/datos/mediciones/6007-fd406990-fe20-11e9-b99a-005056a43242.csv
6009-fd423c1e-fe20-11e9-b99a-005056a43242,2019-11-03T09:56:00Z,6009,6009,60,17,21,http://datos.santander.es/api/datos/mediciones/6009-fd423c1e-fe20-11e9-b99a-005056a43242.csv
6012-fd44d33a-fe20-11e9-b99a-005056a43242,2019-11-03T09:56:00Z,6012,6012,0,0,0,http://datos.santander.es/api/datos/mediciones/6012-fd44d33a-fe20-11e9-b99a-005056a43242.csv
6014-fd46a91d-fe20-11e9-b99a-005056a43242,2019-11-03T09:56:00Z,6014,6014,0,0,0,http://datos.santander.es/api/datos/mediciones/6014-fd46a91d-fe20-11e9-b99a-005056a43242.csv
6016-fd48804d-fe20-11e9-b99a-005056a43242,2019-11-03T09:56:00Z,6016,6016,16,28,29,http://datos.santander.es/api/datos/mediciones/6016-fd48804d-fe20-11e9-b99a-005056a43242.csv
6017-fd49695d-fe20-11e9-b99a-005056a43242,2019-11-03T09:56:00Z,6017,6017,60,17,21,http://datos.santander.es/api/datos/mediciones/6017-fd49695d-fe20-11e9-b99a-005056a43242.csv
6018-fd4a575e-fe20-11e9-b99a-005056a43242,2019-11-03T09:56:00Z,6018,6018,0,0,0,http://datos.santander.es/api/datos/mediciones/6018-fd4a575e-fe20-11e9-b99a-005056a43242.csv
6021-fd4d3bdb-fe20-11e9-b99a-005056a43242,2019-11-03T09:56:00Z,6021,6021,0,0,0,http://datos.santander.es/api/datos/mediciones/6021-fd4d3bdb-fe20-11e9-b99a-005056a43242.csv
6023-fd4f1481-fe20-11e9-b99a-005056a43242,2019-11-03T09:56:00Z,6023,6023,0,0,0,http://datos.santander.es/api/datos/mediciones/6023-fd4f1481-fe20-11e9-b99a-005056a43242.csv
6024-fd4ffaf0-fe20-11e9-b99a-005056a43242,2019-11-03T09:56:00Z,6024,6024,60,20,23,http://datos.santander.es/api/datos/mediciones/6024-fd4ffaf0-fe20-11e9-b99a-005056a43242.csv
7002-fd51cf03-fe20-11e9-b99a-005056a43242,2019-11-03T09:56:00Z,7002,7002,420,4,17,http://datos.santander.es/api/datos/mediciones/7002-fd51cf03-fe20-11e9-b99a-005056a43242.csv
7004-fd53b395-fe20-11e9-b99a-005056a43242,2019-11-03T09:56:00Z,7004,7004,180,3,18,http://datos.santander.es/api/datos/mediciones/7004-fd53b395-fe20-11e9-b99a-005056a43242.csv
7006-fd55ced4-fe20-11e9-b99a-005056a43242,2019-11-03T09:56:00Z,7006,7006,1020,12,87,http://datos.santander.es/api/datos/mediciones/7006-fd55ced4-fe20-11e9-b99a-005056a43242.csv
7009-fd58d7e4-fe20-11e9-b99a-005056a43242,2019-11-03T09:56:00Z,7009,7009,360,2,14,http://datos.santander.es/api/datos/mediciones/7009-fd58d7e4-fe20-11e9-b99a-005056a43242.csv
7011-fd5abf56-fe20-11e9-b99a-005056a43242,2019-11-03T09:56:00Z,7011,7011,360,3,15,http://datos.santander.es/api/datos/mediciones/7011-fd5abf56-fe20-11e9-b99a-005056a43242.csv
7012-fd5bbd11-fe20-11e9-b99a-005056a43242,2019-11-03T09:56:00Z,7012,7012,480,6,21,http://datos.santander.es/api/datos/mediciones/7012-fd5bbd11-fe20-11e9-b99a-005056a43242.csv
7014-fd5dd53d-fe20-11e9-b99a-005056a43242,2019-11-03T09:56:00Z,7014,7014,120,3,7,http://datos.santander.es/api/datos/mediciones/7014-fd5dd53d-fe20-11e9-b99a-005056a43242.csv
7015-fd5eb892-fe20-11e9-b99a-005056a43242,2019-11-03T09:56:00Z,7015,7015,210,10,16,http://datos.santander.es/api/datos/mediciones/7015-fd5eb892-fe20-11e9-b99a-005056a43242.csv
7019-fd626378-fe20-11e9-b99a-005056a43242,2019-11-03T09:56:00Z,7019,7019,300,18,37,http://datos.santander.es/api/datos/mediciones/7019-fd626378-fe20-11e9-b99a-005056a43242.csv
7021-fd6450ae-fe20-11e9-b99a-005056a43242,2019-11-03T09:56:00Z,7021,7021,240,3,12,http://datos.santander.es/api/datos/mediciones/7021-fd6450ae-fe20-11e9-b99a-005056a43242.csv
7023-fd665522-fe20-11e9-b99a-005056a43242,2019-11-03T09:56:00Z,7023,7023,180,2,8,http://datos.santander.es/api/datos/mediciones/7023-fd665522-fe20-11e9-b99a-005056a43242.csv
7025-fd689a57-fe20-11e9-b99a-005056a43242,2019-11-03T09:56:00Z,7025,7025,180,1,7,http://datos.santander.es/api/datos/mediciones/7025-fd689a57-fe20-11e9-b99a-005056a43242.csv
7027-fd6abef4-fe20-11e9-b99a-005056a43242,2019-11-03T09:56:00Z,7027,7027,180,2,9,http://datos.santander.es/api/datos/mediciones/7027-fd6abef4-fe20-11e9-b99a-005056a43242.csv
7030-fd6df5b2-fe20-11e9-b99a-005056a43242,2019-11-03T09:56:00Z,7030,7030,60,2,4,http://datos.santander.es/api/datos/mediciones/7030-fd6df5b2-fe20-11e9-b99a-005056a43242.csv
7031-fd6ef5a6-fe20-11e9-b99a-005056a43242,2019-11-03T09:56:00Z,7031,7031,240,3,11,http://datos.santander.es/api/datos/mediciones/7031-fd6ef5a6-fe20-11e9-b99a-005056a43242.csv
7033-fd710cac-fe20-11e9-b99a-005056a43242,2019-11-03T09:56:00Z,7033,7033,120,2,6,http://datos.santander.es/api/datos/mediciones/7033-fd710cac-fe20-11e9-b99a-005056a43242.csv
7501-fd71f2bb-fe20-11e9-b99a-005056a43242,2019-11-03T09:56:00Z,7501,7501,180,1,7,http://datos.santander.es/api/datos/mediciones/7501-fd71f2bb-fe20-11e9-b99a-005056a43242.csv
7502-fd72e407-fe20-11e9-b99a-005056a43242,2019-11-03T09:56:00Z,7502,7502,120,2,10,http://datos.santander.es/api/datos/mediciones/7502-fd72e407-fe20-11e9-b99a-005056a43242.csv
7508-fd789831-fe20-11e9-b99a-005056a43242,2019-11-03T09:56:00Z,7508,7508,0,0,0,http://datos.santander.es/api/datos/mediciones/7508-fd789831-fe20-11e9-b99a-005056a43242.csv
7901-fd7ad349-fe20-11e9-b99a-005056a43242,2019-11-03T09:56:00Z,7901,7901,420,4,17,http://datos.santander.es/api/datos/mediciones/7901-fd7ad349-fe20-11e9-b99a-005056a43242.csv
7902-fd7bd1ae-fe20-11e9-b99a-005056a43242,2019-11-03T09:56:00Z,7902,7902,360,2,14,http://datos.santander.es/api/datos/mediciones/7902-fd7bd1ae-fe20-11e9-b99a-005056a43242.csv
7903-fd7cbca7-fe20-11e9-b99a-005056a43242,2019-11-03T09:56:00Z,7903,7903,480,6,21,http://datos.santander.es/api/datos/mediciones/7903-fd7cbca7-fe20-11e9-b99a-005056a43242.csv
7904-fd7db486-fe20-11e9-b99a-005056a43242,2019-11-03T09:56:00Z,7904,7904,180,1,7,http://datos.santander.es/api/datos/mediciones/7904-fd7db486-fe20-11e9-b99a-005056a43242.csv
7906-fd7f97e0-fe20-11e9-b99a-005056a43242,2019-11-03T09:56:00Z,7906,7906,300,2,12,http://datos.santander.es/api/datos/mediciones/7906-fd7f97e0-fe20-11e9-b99a-005056a43242.csv
1001-fba69374-fe20-11e9-b99a-005056a43242,2019-11-03T09:56:00Z,1001,1001,300,2,12,http://datos.santander.es/api/datos/mediciones/1001-fba69374-fe20-11e9-b99a-005056a43242.csv
1002-fba83e61-fe20-11e9-b99a-005056a43242,2019-11-03T09:56:00Z,1002,1002,0,0,0,http://datos.santander.es/api/datos/mediciones/1002-fba83e61-fe20-11e9-b99a-005056a43242.csv
1003-fba97bb2-fe20-11e9-b99a-005056a43242,2019-11-03T09:56:00Z,1003,1003,840,8,23,http://datos.santander.es/api/datos/mediciones/1003-fba97bb2-fe20-11e9-b99a-005056a43242.csv
1004-fbaa928e-fe20-11e9-b99a-005056a43242,2019-11-03T09:56:00Z,1004,1004,660,48,54,http://datos.santander.es/api/datos/mediciones/1004-fbaa928e-fe20-11e9-b99a-005056a43242.csv
1005-fbaba844-fe20-11e9-b99a-005056a43242,2019-11-03T09:56:00Z,1005,1005,1020,11,33,http://datos.santander.es/api/datos/mediciones/1005-fbaba844-fe20-11e9-b99a-005056a43242.csv
1006-fbacf191-fe20-11e9-b99a-005056a43242,2019-11-03T09:56:00Z,1006,1006,480,3,14,http://datos.santander.es/api/datos/mediciones/1006-fbacf191-fe20-11e9-b99a-005056a43242.csv
1007-fbade675-fe20-11e9-b99a-005056a43242,2019-11-03T09:56:00Z,1007,1007,600,3,13,http://datos.santander.es/api/datos/mediciones/1007-fbade675-fe20-11e9-b99a-005056a43242.csv
1008-fbaef6ad-fe20-11e9-b99a-005056a43242,2019-11-03T09:56:00Z,1008,1008,1020,6,25,http://datos.santander.es/api/datos/mediciones/1008-fbaef6ad-fe20-11e9-b99a-005056a43242.csv
1009-fbb1a597-fe20-11e9-b99a-005056a43242,2019-11-03T09:56:00Z,1009,1009,1140,8,32,http://datos.santander.es/api/datos/mediciones/1009-fbb1a597-fe20-11e9-b99a-005056a43242.csv
1010-fbb29d47-fe20-11e9-b99a-005056a43242,2019-11-03T09:56:00Z,1010,1010,1524,11,34,http://datos.santander.es/api/datos/mediciones/1010-fbb29d47-fe20-11e9-b99a-005056a43242.csv
1011-fbb3af81-fe20-11e9-b99a-005056a43242,2019-11-03T09:56:00Z,1011,1011,1080,6,32,http://datos.santander.es/api/datos/mediciones/1011-fbb3af81-fe20-11e9-b99a-005056a43242.csv
1012-fbb4b0b9-fe20-11e9-b99a-005056a43242,2019-11-03T09:56:00Z,1012,1012,540,3,15,http://datos.santander.es/api/datos/mediciones/1012-fbb4b0b9-fe20-11e9-b99a-005056a43242.csv
1013-fbb5a900-fe20-11e9-b99a-005056a43242,2019-11-03T09:56:00Z,1013,1013,1341,10,27,http://datos.santander.es/api/datos/mediciones/1013-fbb5a900-fe20-11e9-b99a-005056a43242.csv
1014-fbb69659-fe20-11e9-b99a-005056a43242,2019-11-03T09:56:00Z,1014,1014,60,2,5,http://datos.santander.es/api/datos/mediciones/1014-fbb69659-fe20-11e9-b99a-005056a43242.csv
1015-fbb7ab43-fe20-11e9-b99a-005056a43242,2019-11-03T09:56:00Z,1015,1015,720,4,33,http://datos.santander.es/api/datos/mediciones/1015-fbb7ab43-fe20-11e9-b99a-005056a43242.csv
1016-fbb8b692-fe20-11e9-b99a-005056a43242,2019-11-03T09:56:00Z,1016,1016,375,2,17,http://datos.santander.es/api/datos/mediciones/1016-fbb8b692-fe20-11e9-b99a-005056a43242.csv
1017-fbb9cf34-fe20-11e9-b99a-005056a43242,2019-11-03T09:56:00Z,1017,1017,540,4,17,http://datos.santander.es/api/datos/mediciones/1017-fbb9cf34-fe20-11e9-b99a-005056a43242.csv
1018-fbbadb82-fe20-11e9-b99a-005056a43242,2019-11-03T09:56:00Z,1018,1018,932,10,39,http://datos.santander.es/api/datos/mediciones/1018-fbbadb82-fe20-11e9-b99a-005056a43242.csv
1019-fbbbebb6-fe20-11e9-b99a-005056a43242,2019-11-03T09:56:00Z,1019,1019,720,3,15,http://datos.santander.es/api/datos/mediciones/1019-fbbbebb6-fe20-11e9-b99a-005056a43242.csv
1020-fbbcfa1e-fe20-11e9-b99a-005056a43242,2019-11-03T09:56:00Z,1020,1020,240,10,28,http://datos.santander.es/api/datos/mediciones/1020-fbbcfa1e-fe20-11e9-b99a-005056a43242.csv
1021-fbbde839-fe20-11e9-b99a-005056a43242,2019-11-03T09:56:00Z,1021,1021,1020,7,39,http://datos.santander.es/api/datos/mediciones/1021-fbbde839-fe20-11e9-b99a-005056a43242.csv
1022-fbbecee5-fe20-11e9-b99a-005056a43242,2019-11-03T09:56:00Z,1022,1022,540,2,20,http://datos.santander.es/api/datos/mediciones/1022-fbbecee5-fe20-11e9-b99a-005056a43242.csv
1023-fbbfb086-fe20-11e9-b99a-005056a43242,2019-11-03T09:56:00Z,1023,1023,600,3,22,http://datos.santander.es/api/datos/mediciones/1023-fbbfb086-fe20-11e9-b99a-005056a43242.csv
1024-fbc0a085-fe20-11e9-b99a-005056a43242,2019-11-03T09:56:00Z,1024,1024,660,5,47,http://datos.santander.es/api/datos/mediciones/1024-fbc0a085-fe20-11e9-b99a-005056a43242.csv
1025-fbc18656-fe20-11e9-b99a-005056a43242,2019-11-03T09:56:00Z,1025,1025,360,2,14,http://datos.santander.es/api/datos/mediciones/1025-fbc18656-fe20-11e9-b99a-005056a43242.csv
1026-fbc27a19-fe20-11e9-b99a-005056a43242,2019-11-03T09:56:00Z,1026,1026,180,2,8,http://datos.santander.es/api/datos/mediciones/1026-fbc27a19-fe20-11e9-b99a-005056a43242.csv
1027-fbc38506-fe20-11e9-b99a-005056a43242,2019-11-03T09:56:00Z,1027,1027,360,5,16,http://datos.santander.es/api/datos/mediciones/1027-fbc38506-fe20-11e9-b99a-005056a43242.csv
1028-fbc48332-fe20-11e9-b99a-005056a43242,2019-11-03T09:56:00Z,1028,1028,120,2,11,http://datos.santander.es/api/datos/mediciones/1028-fbc48332-fe20-11e9-b99a-005056a43242.csv
1030-fbc6cad2-fe20-11e9-b99a-005056a43242,2019-11-03T09:56:00Z,1030,1030,0,0,0,http://datos.santander.es/api/datos/mediciones/1030-fbc6cad2-fe20-11e9-b99a-005056a43242.csv
1031-fbc7cb4b-fe20-11e9-b99a-005056a43242,2019-11-03T09:56:00Z,1031,1031,900,5,27,http://datos.santander.es/api/datos/mediciones/1031-fbc7cb4b-fe20-11e9-b99a-005056a43242.csv
1034-fbcaf0ca-fe20-11e9-b99a-005056a43242,2019-11-03T09:56:00Z,1034,1034,300,3,9,http://datos.santander.es/api/datos/mediciones/1034-fbcaf0ca-fe20-11e9-b99a-005056a43242.csv
1035-fbcbeb63-fe20-11e9-b99a-005056a43242,2019-11-03T09:56:00Z,1035,1035,120,2,5,http://datos.santander.es/api/datos/mediciones/1035-fbcbeb63-fe20-11e9-b99a-005056a43242.csv
1036-fbccf0d4-fe20-11e9-b99a-005056a43242,2019-11-03T09:56:00Z,1036,1036,360,2,14,http://datos.santander.es/api/datos/mediciones/1036-fbccf0d4-fe20-11e9-b99a-005056a43242.csv
1040-fbd0f0cf-fe20-11e9-b99a-005056a43242,2019-11-03T09:56:00Z,1040,1040,180,5,11,http://datos.santander.es/api/datos/mediciones/1040-fbd0f0cf-fe20-11e9-b99a-005056a43242.csv
1042-fbd2eeaa-fe20-11e9-b99a-005056a43242,2019-11-03T09:56:00Z,1042,1042,1492,11,43,http://datos.santander.es/api/datos/mediciones/1042-fbd2eeaa-fe20-11e9-b99a-005056a43242.csv
1044-fbd51d1b-fe20-11e9-b99a-005056a43242,2019-11-03T09:56:00Z,1044,1044,240,2,11,http://datos.santander.es/api/datos/mediciones/1044-fbd51d1b-fe20-11e9-b99a-005056a43242.csv
1045-fbd63f1b-fe20-11e9-b99a-005056a43242,2019-11-03T09:56:00Z,1045,1045,300,3,14,http://datos.santander.es/api/datos/mediciones/1045-fbd63f1b-fe20-11e9-b99a-005056a43242.csv
1046-fbd741d0-fe20-11e9-b99a-005056a43242,2019-11-03T09:56:00Z,1046,1046,0,0,0,http://datos.santander.es/api/datos/mediciones/1046-fbd741d0-fe20-11e9-b99a-005056a43242.csv
1048-fbd97ba5-fe20-11e9-b99a-005056a43242,2019-11-03T09:56:00Z,1048,1048,240,2,9,http://datos.santander.es/api/datos/mediciones/1048-fbd97ba5-fe20-11e9-b99a-005056a43242.csv
1049-fbda669f-fe20-11e9-b99a-005056a43242,2019-11-03T09:56:00Z,1049,1049,0,0,0,http://datos.santander.es/api/datos/mediciones/1049-fbda669f-fe20-11e9-b99a-005056a43242.csv
1050-fbdb7299-fe20-11e9-b99a-005056a43242,2019-11-03T09:56:00Z,1050,1050,180,5,15,http://datos.santander.es/api/datos/mediciones/1050-fbdb7299-fe20-11e9-b99a-005056a43242.csv
1051-fbdc70eb-fe20-11e9-b99a-005056a43242,2019-11-03T09:56:00Z,1051,1051,0,0,0,http://datos.santander.es/api/datos/mediciones/1051-fbdc70eb-fe20-11e9-b99a-005056a43242.csv
1501-fbde8695-fe20-11e9-b99a-005056a43242,2019-11-03T09:56:00Z,1501,1501,413,10,39,http://datos.santander.es/api/datos/mediciones/1501-fbde8695-fe20-11e9-b99a-005056a43242.csv
1504-fbe06b58-fe20-11e9-b99a-005056a43242,2019-11-03T09:56:00Z,1504,1504,1225,4,28,http://datos.santander.es/api/datos/mediciones/1504-fbe06b58-fe20-11e9-b99a-005056a43242.csv
1506-fbe22f88-fe20-11e9-b99a-005056a43242,2019-11-03T09:56:00Z,1506,1506,459,4,20,http://datos.santander.es/api/datos/mediciones/1506-fbe22f88-fe20-11e9-b99a-005056a43242.csv
1508-fbe40e51-fe20-11e9-b99a-005056a43242,2019-11-03T09:56:00Z,1508,1508,1020,6,25,http://datos.santander.es/api/datos/mediciones/1508-fbe40e51-fe20-11e9-b99a-005056a43242.csv
1902-fbe6147a-fe20-11e9-b99a-005056a43242,2019-11-03T09:56:00Z,1902,1902,1140,8,42,http://datos.santander.es/api/datos/mediciones/1902-fbe6147a-fe20-11e9-b99a-005056a43242.csv
1903-fbe72df2-fe20-11e9-b99a-005056a43242,2019-11-03T09:56:00Z,1903,1903,480,3,19,http://datos.santander.es/api/datos/mediciones/1903-fbe72df2-fe20-11e9-b99a-005056a43242.csv
1904-fbe83393-fe20-11e9-b99a-005056a43242,2019-11-03T09:56:00Z,1904,1904,720,4,33,http://datos.santander.es/api/datos/mediciones/1904-fbe83393-fe20-11e9-b99a-005056a43242.csv
1905-fbe927c5-fe20-11e9-b99a-005056a43242,2019-11-03T09:56:00Z,1905,1905,932,10,39,http://datos.santander.es/api/datos/mediciones/1905-fbe927c5-fe20-11e9-b99a-005056a43242.csv
1906-fbea30cb-fe20-11e9-b99a-005056a43242,2019-11-03T09:56:00Z,1906,1906,1366,10,30,http://datos.santander.es/api/datos/mediciones/1906-fbea30cb-fe20-11e9-b99a-005056a43242.csv
1908-fbec3306-fe20-11e9-b99a-005056a43242,2019-11-03T09:56:00Z,1908,1908,240,2,10,http://datos.santander.es/api/datos/mediciones/1908-fbec3306-fe20-11e9-b99a-005056a43242.csv
2001-fbee26ab-fe20-11e9-b99a-005056a43242,2019-11-03T09:56:00Z,2001,2001,180,5,16,http://datos.santander.es/api/datos/mediciones/2001-fbee26ab-fe20-11e9-b99a-005056a43242.csv
2002-fbef126f-fe20-11e9-b99a-005056a43242,2019-11-03T09:56:00Z,2002,2002,397,10,32,http://datos.santander.es/api/datos/mediciones/2002-fbef126f-fe20-11e9-b99a-005056a43242.csv
2003-fbf02027-fe20-11e9-b99a-005056a43242,2019-11-03T09:56:00Z,2003,2003,60,2,6,http://datos.santander.es/api/datos/mediciones/2003-fbf02027-fe20-11e9-b99a-005056a43242.csv
2005-fbf237d6-fe20-11e9-b99a-005056a43242,2019-11-03T09:56:00Z,2005,2005,60,0,2,http://datos.santander.es/api/datos/mediciones/2005-fbf237d6-fe20-11e9-b99a-005056a43242.csv
2007-fbf40903-fe20-11e9-b99a-005056a43242,2019-11-03T09:56:00Z,2007,2007,480,4,20,http://datos.santander.es/api/datos/mediciones/2007-fbf40903-fe20-11e9-b99a-005056a43242.csv
2008-fbf4f317-fe20-11e9-b99a-005056a43242,2019-11-03T09:56:00Z,2008,2008,240,10,19,http://datos.santander.es/api/datos/mediciones/2008-fbf4f317-fe20-11e9-b99a-005056a43242.csv
2010-fbf6c0b5-fe20-11e9-b99a-005056a43242,2019-11-03T09:56:00Z,2010,2010,120,2,7,http://datos.santander.es/api/datos/mediciones/2010-fbf6c0b5-fe20-11e9-b99a-005056a43242.csv
2013-fbf997fc-fe20-11e9-b99a-005056a43242,2019-11-03T09:56:00Z,2013,2013,540,3,20,http://datos.santander.es/api/datos/mediciones/2013-fbf997fc-fe20-11e9-b99a-005056a43242.csv
2015-fbfb7183-fe20-11e9-b99a-005056a43242,2019-11-03T09:56:00Z,2015,2015,360,2,12,http://datos.santander.es/api/datos/mediciones/2015-fbfb7183-fe20-11e9-b99a-005056a43242.csv
2016-fbfc5f6c-fe20-11e9-b99a-005056a43242,2019-11-03T09:56:00Z,2016,2016,180,1,7,http://datos.santander.es/api/datos/mediciones/2016-fbfc5f6c-fe20-11e9-b99a-005056a43242.csv
2017-fbfd4fd1-fe20-11e9-b99a-005056a43242,2019-11-03T09:56:00Z,2017,2017,420,3,18,http://datos.santander.es/api/datos/mediciones/2017-fbfd4fd1-fe20-11e9-b99a-005056a43242.csv
2018-fbfe313a-fe20-11e9-b99a-005056a43242,2019-11-03T09:56:00Z,2018,2018,240,2,12,http://datos.santander.es/api/datos/mediciones/2018-fbfe313a-fe20-11e9-b99a-005056a43242.csv
2019-fbff11a6-fe20-11e9-b99a-005056a43242,2019-11-03T09:56:00Z,2019,2019,180,3,7,http://datos.santander.es/api/datos/mediciones/2019-fbff11a6-fe20-11e9-b99a-005056a43242.csv
2021-fc002c96-fe20-11e9-b99a-005056a43242,2019-11-03T09:56:00Z,2021,2021,0,0,0,http://datos.santander.es/api/datos/mediciones/2021-fc002c96-fe20-11e9-b99a-005056a43242.csv
2023-fc021cd6-fe20-11e9-b99a-005056a43242,2019-11-03T09:56:00Z,2023,2023,300,4,14,http://datos.santander.es/api/datos/mediciones/2023-fc021cd6-fe20-11e9-b99a-005056a43242.csv
2026-fc0508c1-fe20-11e9-b99a-005056a43242,2019-11-03T09:56:00Z,2026,2026,560,3,22,http://datos.santander.es/api/datos/mediciones/2026-fc0508c1-fe20-11e9-b99a-005056a43242.csv
2028-fc062040-fe20-11e9-b99a-005056a43242,2019-11-03T09:56:00Z,2028,2028,1440,20,46,http://datos.santander.es/api/datos/mediciones/2028-fc062040-fe20-11e9-b99a-005056a43242.csv
2030-fc084e8c-fe20-11e9-b99a-005056a43242,2019-11-03T09:56:00Z,2030,2030,1320,12,43,http://datos.santander.es/api/datos/mediciones/2030-fc084e8c-fe20-11e9-b99a-005056a43242.csv
2033-fc0a34fa-fe20-11e9-b99a-005056a43242,2019-11-03T09:56:00Z,2033,2033,360,32,41,http://datos.santander.es/api/datos/mediciones/2033-fc0a34fa-fe20-11e9-b99a-005056a43242.csv
2038-fc0f77a0-fe20-11e9-b99a-005056a43242,2019-11-03T09:56:00Z,2038,2038,120,3,14,http://datos.santander.es/api/datos/mediciones/2038-fc0f77a0-fe20-11e9-b99a-005056a43242.csv
2040-fc128405-fe20-11e9-b99a-005056a43242,2019-11-03T09:56:00Z,2040,2040,60,2,6,http://datos.santander.es/api/datos/mediciones/2040-fc128405-fe20-11e9-b99a-005056a43242.csv
2043-fc1596c0-fe20-11e9-b99a-005056a43242,2019-11-03T09:56:00Z,2043,2043,1380,11,40,http://datos.santander.es/api/datos/mediciones/2043-fc1596c0-fe20-11e9-b99a-005056a43242.csv
2044-fc16986c-fe20-11e9-b99a-005056a43242,2019-11-03T09:56:00Z,2044,2044,240,5,19,http://datos.santander.es/api/datos/mediciones/2044-fc16986c-fe20-11e9-b99a-005056a43242.csv
2046-fc18682a-fe20-11e9-b99a-005056a43242,2019-11-03T09:56:00Z,2046,2046,240,30,36,http://datos.santander.es/api/datos/mediciones/2046-fc18682a-fe20-11e9-b99a-005056a43242.csv
2048-fc1a5ec5-fe20-11e9-b99a-005056a43242,2019-11-03T09:56:00Z,2048,2048,420,52,69,http://datos.santander.es/api/datos/mediciones/2048-fc1a5ec5-fe20-11e9-b99a-005056a43242.csv
2050-fc1c2d6d-fe20-11e9-b99a-005056a43242,2019-11-03T09:56:00Z,2050,2050,60,2,7,http://datos.santander.es/api/datos/mediciones/2050-fc1c2d6d-fe20-11e9-b99a-005056a43242.csv
2052-fc1e0adf-fe20-11e9-b99a-005056a43242,2019-11-03T09:56:00Z,2052,2052,360,17,44,http://datos.santander.es/api/datos/mediciones/2052-fc1e0adf-fe20-11e9-b99a-005056a43242.csv
2054-fc200cff-fe20-11e9-b99a-005056a43242,2019-11-03T09:56:00Z,2054,2054,180,43,52,http://datos.santander.es/api/datos/mediciones/2054-fc200cff-fe20-11e9-b99a-005056a43242.csv
2055-fc20f3e7-fe20-11e9-b99a-005056a43242,2019-11-03T09:56:00Z,2055,2055,120,3,14,http://datos.santander.es/api/datos/mediciones/2055-fc20f3e7-fe20-11e9-b99a-005056a43242.csv
2057-fc234a0a-fe20-11e9-b99a-005056a43242,2019-11-03T09:56:00Z,2057,2057,240,2,12,http://datos.santander.es/api/datos/mediciones/2057-fc234a0a-fe20-11e9-b99a-005056a43242.csv
2058-fc244841-fe20-11e9-b99a-005056a43242,2019-11-03T09:56:00Z,2058,2058,60,2,4,http://datos.santander.es/api/datos/mediciones/2058-fc244841-fe20-11e9-b99a-005056a43242.csv
2059-fc254b3c-fe20-11e9-b99a-005056a43242,2019-11-03T09:56:00Z,2059,2059,180,55,61,http://datos.santander.es/api/datos/mediciones/2059-fc254b3c-fe20-11e9-b99a-005056a43242.csv
2061-fc275cbc-fe20-11e9-b99a-005056a43242,2019-11-03T09:56:00Z,2061,2061,60,2,6,http://datos.santander.es/api/datos/mediciones/2061-fc275cbc-fe20-11e9-b99a-005056a43242.csv
2062-fc288b3e-fe20-11e9-b99a-005056a43242,2019-11-03T09:56:00Z,2062,2062,120,3,11,http://datos.santander.es/api/datos/mediciones/2062-fc288b3e-fe20-11e9-b99a-005056a43242.csv
2063-fc299d70-fe20-11e9-b99a-005056a43242,2019-11-03T09:56:00Z,2063,2063,0,0,0,http://datos.santander.es/api/datos/mediciones/2063-fc299d70-fe20-11e9-b99a-005056a43242.csv
2065-fc2bb019-fe20-11e9-b99a-005056a43242,2019-11-03T09:56:00Z,2065,2065,240,12,27,http://datos.santander.es/api/datos/mediciones/2065-fc2bb019-fe20-11e9-b99a-005056a43242.csv
2066-fc2cd6fb-fe20-11e9-b99a-005056a43242,2019-11-03T09:56:00Z,2066,2066,60,2,6,http://datos.santander.es/api/datos/mediciones/2066-fc2cd6fb-fe20-11e9-b99a-005056a43242.csv
2067-fc2df240-fe20-11e9-b99a-005056a43242,2019-11-03T09:56:00Z,2067,2067,0,0,0,http://datos.santander.es/api/datos/mediciones/2067-fc2df240-fe20-11e9-b99a-005056a43242.csv
2068-fc2ef882-fe20-11e9-b99a-005056a43242,2019-11-03T09:56:00Z,2068,2068,60,3,7,http://datos.santander.es/api/datos/mediciones/2068-fc2ef882-fe20-11e9-b99a-005056a43242.csv
2070-fc30ec87-fe20-11e9-b99a-005056a43242,2019-11-03T09:56:00Z,2070,2070,646,15,28,http://datos.santander.es/api/datos/mediciones/2070-fc30ec87-fe20-11e9-b99a-005056a43242.csv
2071-fc31ddd5-fe20-11e9-b99a-005056a43242,2019-11-03T09:56:00Z,2071,2071,480,1,18,http://datos.santander.es/api/datos/mediciones/2071-fc31ddd5-fe20-11e9-b99a-005056a43242.csv
2072-fc32c00c-fe20-11e9-b99a-005056a43242,2019-11-03T09:56:00Z,2072,2072,150,8,20,http://datos.santander.es/api/datos/mediciones/2072-fc32c00c-fe20-11e9-b99a-005056a43242.csv
2074-fc34ac04-fe20-11e9-b99a-005056a43242,2019-11-03T09:56:00Z,2074,2074,420,2,19,http://datos.santander.es/api/datos/mediciones/2074-fc34ac04-fe20-11e9-b99a-005056a43242.csv
2077-fc37f2e5-fe20-11e9-b99a-005056a43242,2019-11-03T09:56:00Z,2077,2077,480,2,14,http://datos.santander.es/api/datos/mediciones/2077-fc37f2e5-fe20-11e9-b99a-005056a43242.csv
2078-fc38fa86-fe20-11e9-b99a-005056a43242,2019-11-03T09:56:00Z,2078,2078,900,7,33,http://datos.santander.es/api/datos/mediciones/2078-fc38fa86-fe20-11e9-b99a-005056a43242.csv
2080-fc3b1375-fe20-11e9-b99a-005056a43242,2019-11-03T09:56:00Z,2080,2080,0,0,0,http://datos.santander.es/api/datos/mediciones/2080-fc3b1375-fe20-11e9-b99a-005056a43242.csv
2500-fc3d0e0b-fe20-11e9-b99a-005056a43242,2019-11-03T09:56:00Z,2500,2500,120,0,5,http://datos.santander.es/api/datos/mediciones/2500-fc3d0e0b-fe20-11e9-b99a-005056a43242.csv
2501-fc3df9e9-fe20-11e9-b99a-005056a43242,2019-11-03T09:56:00Z,2501,2501,300,4,14,http://datos.santander.es/api/datos/mediciones/2501-fc3df9e9-fe20-11e9-b99a-005056a43242.csv
2502-fc3f3d3f-fe20-11e9-b99a-005056a43242,2019-11-03T09:56:00Z,2502,2502,60,2,6,http://datos.santander.es/api/datos/mediciones/2502-fc3f3d3f-fe20-11e9-b99a-005056a43242.csv
2505-fc42cd8e-fe20-11e9-b99a-005056a43242,2019-11-03T09:56:00Z,2505,2505,420,7,21,http://datos.santander.es/api/datos/mediciones/2505-fc42cd8e-fe20-11e9-b99a-005056a43242.csv
2508-fc45d755-fe20-11e9-b99a-005056a43242,2019-11-03T09:56:00Z,2508,2508,540,22,30,http://datos.santander.es/api/datos/mediciones/2508-fc45d755-fe20-11e9-b99a-005056a43242.csv
2509-fc46fc25-fe20-11e9-b99a-005056a43242,2019-11-03T09:56:00Z,2509,2509,60,3,8,http://datos.santander.es/api/datos/mediciones/2509-fc46fc25-fe20-11e9-b99a-005056a43242.csv
2513-fc4bfaa2-fe20-11e9-b99a-005056a43242,2019-11-03T09:56:00Z,2513,2513,120,3,14,http://datos.santander.es/api/datos/mediciones/2513-fc4bfaa2-fe20-11e9-b99a-005056a43242.csv
2515-fc4de7d9-fe20-11e9-b99a-005056a43242,2019-11-03T09:56:00Z,2515,2515,180,3,18,http://datos.santander.es/api/datos/mediciones/2515-fc4de7d9-fe20-11e9-b99a-005056a43242.csv
2516-fc4edba6-fe20-11e9-b99a-005056a43242,2019-11-03T09:56:00Z,2516,2516,480,4,20,http://datos.santander.es/api/datos/mediciones/2516-fc4edba6-fe20-11e9-b99a-005056a43242.csv
2518-fc50af35-fe20-11e9-b99a-005056a43242,2019-11-03T09:56:00Z,2518,2518,0,0,0,http://datos.santander.es/api/datos/mediciones/2518-fc50af35-fe20-11e9-b99a-005056a43242.csv
2903-fc59d9a4-fe20-11e9-b99a-005056a43242,2019-11-03T09:56:00Z,2903,2903,60,0,2,http://datos.santander.es/api/datos/mediciones/2903-fc59d9a4-fe20-11e9-b99a-005056a43242.csv
2904-fc5abe2b-fe20-11e9-b99a-005056a43242,2019-11-03T09:56:00Z,2904,2904,720,3,26,http://datos.santander.es/api/datos/mediciones/2904-fc5abe2b-fe20-11e9-b99a-005056a43242.csv
2906-fc5cba96-fe20-11e9-b99a-005056a43242,2019-11-03T09:56:00Z,2906,2906,420,3,18,http://datos.santander.es/api/datos/mediciones/2906-fc5cba96-fe20-11e9-b99a-005056a43242.csv
2909-fc5fe094-fe20-11e9-b99a-005056a43242,2019-11-03T09:56:00Z,2909,2909,720,6,23,http://datos.santander.es/api/datos/mediciones/2909-fc5fe094-fe20-11e9-b99a-005056a43242.csv
2912-fc627e42-fe20-11e9-b99a-005056a43242,2019-11-03T09:56:00Z,2912,2912,300,4,14,http://datos.santander.es/api/datos/mediciones/2912-fc627e42-fe20-11e9-b99a-005056a43242.csv
2913-fc636b3f-fe20-11e9-b99a-005056a43242,2019-11-03T09:56:00Z,2913,2913,180,1,7,http://datos.santander.es/api/datos/mediciones/2913-fc636b3f-fe20-11e9-b99a-005056a43242.csv
2930-fc663bad-fe20-11e9-b99a-005056a43242,2019-11-03T09:56:00Z,2930,2930,240,2,12,http://datos.santander.es/api/datos/mediciones/2930-fc663bad-fe20-11e9-b99a-005056a43242.csv
3001-fc691de5-fe20-11e9-b99a-005056a43242,2019-11-03T09:56:00Z,3001,3001,120,3,11,http://datos.santander.es/api/datos/mediciones/3001-fc691de5-fe20-11e9-b99a-005056a43242.csv
3003-fc6b3ed8-fe20-11e9-b99a-005056a43242,2019-11-03T09:56:00Z,3003,3003,300,2,13,http://datos.santander.es/api/datos/mediciones/3003-fc6b3ed8-fe20-11e9-b99a-005056a43242.csv
3004-fc6c24ba-fe20-11e9-b99a-005056a43242,2019-11-03T09:56:00Z,3004,3004,480,3,22,http://datos.santander.es/api/datos/mediciones/3004-fc6c24ba-fe20-11e9-b99a-005056a43242.csv
3005-fc6d1db1-fe20-11e9-b99a-005056a43242,2019-11-03T09:56:00Z,3005,3005,60,2,5,http://datos.santander.es/api/datos/mediciones/3005-fc6d1db1-fe20-11e9-b99a-005056a43242.csv
3006-fc6e0c6d-fe20-11e9-b99a-005056a43242,2019-11-03T09:56:00Z,3006,3006,360,7,33,http://datos.santander.es/api/datos/mediciones/3006-fc6e0c6d-fe20-11e9-b99a-005056a43242.csv
3008-fc700404-fe20-11e9-b99a-005056a43242,2019-11-03T09:56:00Z,3008,3008,60,0,2,http://datos.santander.es/api/datos/mediciones/3008-fc700404-fe20-11e9-b99a-005056a43242.csv
3011-fc73b56d-fe20-11e9-b99a-005056a43242,2019-11-03T09:56:00Z,3011,3011,60,100,100,http://datos.santander.es/api/datos/mediciones/3011-fc73b56d-fe20-11e9-b99a-005056a43242.csv
3012-fc74bc13-fe20-11e9-b99a-005056a43242,2019-11-03T09:56:00Z,3012,3012,0,0,0,http://datos.santander.es/api/datos/mediciones/3012-fc74bc13-fe20-11e9-b99a-005056a43242.csv
3016-fc788b14-fe20-11e9-b99a-005056a43242,2019-11-03T09:56:00Z,3016,3016,0,0,0,http://datos.santander.es/api/datos/mediciones/3016-fc788b14-fe20-11e9-b99a-005056a43242.csv
3018-fc7a6e85-fe20-11e9-b99a-005056a43242,2019-11-03T09:56:00Z,3018,3018,180,2,9,http://datos.santander.es/api/datos/mediciones/3018-fc7a6e85-fe20-11e9-b99a-005056a43242.csv
3020-fc7c2e58-fe20-11e9-b99a-005056a43242,2019-11-03T09:56:00Z,3020,3020,240,3,21,http://datos.santander.es/api/datos/mediciones/3020-fc7c2e58-fe20-11e9-b99a-005056a43242.csv
3023-fc7ef0f4-fe20-11e9-b99a-005056a43242,2019-11-03T09:56:00Z,3023,3023,300,5,24,http://datos.santander.es/api/datos/mediciones/3023-fc7ef0f4-fe20-11e9-b99a-005056a43242.csv
3025-fc80c37f-fe20-11e9-b99a-005056a43242,2019-11-03T09:56:00Z,3025,3025,300,5,24,http://datos.santander.es/api/datos/mediciones/3025-fc80c37f-fe20-11e9-b99a-005056a43242.csv
3026-fc81b5ae-fe20-11e9-b99a-005056a43242,2019-11-03T09:56:00Z,3026,3026,540,13,32,http://datos.santander.es/api/datos/mediciones/3026-fc81b5ae-fe20-11e9-b99a-005056a43242.csv
3027-fc82932c-fe20-11e9-b99a-005056a43242,2019-11-03T09:56:00Z,3027,3027,0,0,0,http://datos.santander.es/api/datos/mediciones/3027-fc82932c-fe20-11e9-b99a-005056a43242.csv
3028-fc838fee-fe20-11e9-b99a-005056a43242,2019-11-03T09:56:00Z,3028,3028,420,5,20,http://datos.santander.es/api/datos/mediciones/3028-fc838fee-fe20-11e9-b99a-005056a43242.csv
3031-fc869ae7-fe20-11e9-b99a-005056a43242,2019-11-03T09:56:00Z,3031,3031,180,2,16,http://datos.santander.es/api/datos/mediciones/3031-fc869ae7-fe20-11e9-b99a-005056a43242.csv
3033-fc8882d7-fe20-11e9-b99a-005056a43242,2019-11-03T09:56:00Z,3033,3033,180,2,16,http://datos.santander.es/api/datos/mediciones/3033-fc8882d7-fe20-11e9-b99a-005056a43242.csv
3035-fc8a57ad-fe20-11e9-b99a-005056a43242,2019-11-03T09:56:00Z,3035,3035,180,2,16,http://datos.santander.es/api/datos/mediciones/3035-fc8a57ad-fe20-11e9-b99a-005056a43242.csv
3038-fc8db779-fe20-11e9-b99a-005056a43242,2019-11-03T09:56:00Z,3038,3038,240,7,22,http://datos.santander.es/api/datos/mediciones/3038-fc8db779-fe20-11e9-b99a-005056a43242.csv
3040-fc8f87b7-fe20-11e9-b99a-005056a43242,2019-11-03T09:56:00Z,3040,3040,720,5,31,http://datos.santander.es/api/datos/mediciones/3040-fc8f87b7-fe20-11e9-b99a-005056a43242.csv
3044-fc948023-fe20-11e9-b99a-005056a43242,2019-11-03T09:56:00Z,3044,3044,60,2,6,http://datos.santander.es/api/datos/mediciones/3044-fc948023-fe20-11e9-b99a-005056a43242.csv
3045-fc957475-fe20-11e9-b99a-005056a43242,2019-11-03T09:56:00Z,3045,3045,360,7,29,http://datos.santander.es/api/datos/mediciones/3045-fc957475-fe20-11e9-b99a-005056a43242.csv
3046-fc966075-fe20-11e9-b99a-005056a43242,2019-11-03T09:56:00Z,3046,3046,120,3,11,http://datos.santander.es/api/datos/mediciones/3046-fc966075-fe20-11e9-b99a-005056a43242.csv
3047-fc9781b1-fe20-11e9-b99a-005056a43242,2019-11-03T09:56:00Z,3047,3047,180,5,16,http://datos.santander.es/api/datos/mediciones/3047-fc9781b1-fe20-11e9-b99a-005056a43242.csv
3048-fc986b5b-fe20-11e9-b99a-005056a43242,2019-11-03T09:56:00Z,3048,3048,180,2,16,http://datos.santander.es/api/datos/mediciones/3048-fc986b5b-fe20-11e9-b99a-005056a43242.csv
3050-fc9a3483-fe20-11e9-b99a-005056a43242,2019-11-03T09:56:00Z,3050,3050,109,11,20,http://datos.santander.es/api/datos/mediciones/3050-fc9a3483-fe20-11e9-b99a-005056a43242.csv
3053-fc9cfc77-fe20-11e9-b99a-005056a43242,2019-11-03T09:56:00Z,3053,3053,300,3,13,http://datos.santander.es/api/datos/mediciones/3053-fc9cfc77-fe20-11e9-b99a-005056a43242.csv
3055-fc9efbc0-fe20-11e9-b99a-005056a43242,2019-11-03T09:56:00Z,3055,3055,300,3,24,http://datos.santander.es/api/datos/mediciones/3055-fc9efbc0-fe20-11e9-b99a-005056a43242.csv
3057-fca0feda-fe20-11e9-b99a-005056a43242,2019-11-03T09:56:00Z,3057,3057,180,2,16,http://datos.santander.es/api/datos/mediciones/3057-fca0feda-fe20-11e9-b99a-005056a43242.csv
3060-fca4796c-fe20-11e9-b99a-005056a43242,2019-11-03T09:56:00Z,3060,3060,240,2,11,http://datos.santander.es/api/datos/mediciones/3060-fca4796c-fe20-11e9-b99a-005056a43242.csv
3061-fca56d78-fe20-11e9-b99a-005056a43242,2019-11-03T09:56:00Z,3061,3061,180,5,24,http://datos.santander.es/api/datos/mediciones/3061-fca56d78-fe20-11e9-b99a-005056a43242.csv
3065-fca9ab1c-fe20-11e9-b99a-005056a43242,2019-11-03T09:56:00Z,3065,3065,480,8,42,http://datos.santander.es/api/datos/mediciones/3065-fca9ab1c-fe20-11e9-b99a-005056a43242.csv
3066-fcaabda4-fe20-11e9-b99a-005056a43242,2019-11-03T09:56:00Z,3066,3066,540,6,24,http://datos.santander.es/api/datos/mediciones/3066-fcaabda4-fe20-11e9-b99a-005056a43242.csv
3067-fcabd514-fe20-11e9-b99a-005056a43242,2019-11-03T09:56:00Z,3067,3067,74,24,28,http://datos.santander.es/api/datos/mediciones/3067-fcabd514-fe20-11e9-b99a-005056a43242.csv
3070-fcaf35c8-fe20-11e9-b99a-005056a43242,2019-11-03T09:56:00Z,3070,3070,0,0,0,http://datos.santander.es/api/datos/mediciones/3070-fcaf35c8-fe20-11e9-b99a-005056a43242.csv
3071-fcb02dd1-fe20-11e9-b99a-005056a43242,2019-11-03T09:56:00Z,3071,3071,60,3,8,http://datos.santander.es/api/datos/mediciones/3071-fcb02dd1-fe20-11e9-b99a-005056a43242.csv
3072-fcb1310f-fe20-11e9-b99a-005056a43242,2019-11-03T09:56:00Z,3072,3072,300,3,29,http://datos.santander.es/api/datos/mediciones/3072-fcb1310f-fe20-11e9-b99a-005056a43242.csv
3073-fcb23934-fe20-11e9-b99a-005056a43242,2019-11-03T09:56:00Z,3073,3073,0,0,0,http://datos.santander.es/api/datos/mediciones/3073-fcb23934-fe20-11e9-b99a-005056a43242.csv
3074-fcb35149-fe20-11e9-b99a-005056a43242,2019-11-03T09:56:00Z,3074,3074,180,2,16,http://datos.santander.es/api/datos/mediciones/3074-fcb35149-fe20-11e9-b99a-005056a43242.csv
3075-fcb46a21-fe20-11e9-b99a-005056a43242,2019-11-03T09:56:00Z,3075,3075,120,2,11,http://datos.santander.es/api/datos/mediciones/3075-fcb46a21-fe20-11e9-b99a-005056a43242.csv
3078-fcb79b7a-fe20-11e9-b99a-005056a43242,2019-11-03T09:56:00Z,3078,3078,300,2,13,http://datos.santander.es/api/datos/mediciones/3078-fcb79b7a-fe20-11e9-b99a-005056a43242.csv
3083-fcbbd56f-fe20-11e9-b99a-005056a43242,2019-11-03T09:56:00Z,3083,3083,180,2,16,http://datos.santander.es/api/datos/mediciones/3083-fcbbd56f-fe20-11e9-b99a-005056a43242.csv
3086-fcbf801d-fe20-11e9-b99a-005056a43242,2019-11-03T09:56:00Z,3086,3086,180,2,16,http://datos.santander.es/api/datos/mediciones/3086-fcbf801d-fe20-11e9-b99a-005056a43242.csv
3089-fcc29b60-fe20-11e9-b99a-005056a43242,2019-11-03T09:56:00Z,3089,3089,180,2,16,http://datos.santander.es/api/datos/mediciones/3089-fcc29b60-fe20-11e9-b99a-005056a43242.csv
3090-fcc3b754-fe20-11e9-b99a-005056a43242,2019-11-03T09:56:00Z,3090,3090,60,3,7,http://datos.santander.es/api/datos/mediciones/3090-fcc3b754-fe20-11e9-b99a-005056a43242.csv
3092-fcc5c008-fe20-11e9-b99a-005056a43242,2019-11-03T09:56:00Z,3092,3092,420,3,19,http://datos.santander.es/api/datos/mediciones/3092-fcc5c008-fe20-11e9-b99a-005056a43242.csv
3094-fcc78198-fe20-11e9-b99a-005056a43242,2019-11-03T09:56:00Z,3094,3094,300,3,24,http://datos.santander.es/api/datos/mediciones/3094-fcc78198-fe20-11e9-b99a-005056a43242.csv
3510-fcc9a156-fe20-11e9-b99a-005056a43242,2019-11-03T09:56:00Z,3510,3510,480,7,52,http://datos.santander.es/api/datos/mediciones/3510-fcc9a156-fe20-11e9-b99a-005056a43242.csv
3512-fccbbbab-fe20-11e9-b99a-005056a43242,2019-11-03T09:56:00Z,3512,3512,300,5,24,http://datos.santander.es/api/datos/mediciones/3512-fccbbbab-fe20-11e9-b99a-005056a43242.csv
3519-fcce9dd4-fe20-11e9-b99a-005056a43242,2019-11-03T09:56:00Z,3519,3519,180,2,16,http://datos.santander.es/api/datos/mediciones/3519-fcce9dd4-fe20-11e9-b99a-005056a43242.csv
3523-fcd0aae2-fe20-11e9-b99a-005056a43242,2019-11-03T09:56:00Z,3523,3523,240,3,21,http://datos.santander.es/api/datos/mediciones/3523-fcd0aae2-fe20-11e9-b99a-005056a43242.csv
3524-fcd1af23-fe20-11e9-b99a-005056a43242,2019-11-03T09:56:00Z,3524,3524,180,3,16,http://datos.santander.es/api/datos/mediciones/3524-fcd1af23-fe20-11e9-b99a-005056a43242.csv
3525-fcd29be2-fe20-11e9-b99a-005056a43242,2019-11-03T09:56:00Z,3525,3525,0,0,0,http://datos.santander.es/api/datos/mediciones/3525-fcd29be2-fe20-11e9-b99a-005056a43242.csv
3526-fcd38d19-fe20-11e9-b99a-005056a43242,2019-11-03T09:56:00Z,3526,3526,0,0,0,http://datos.santander.es/api/datos/mediciones/3526-fcd38d19-fe20-11e9-b99a-005056a43242.csv
3527-fcd49043-fe20-11e9-b99a-005056a43242,2019-11-03T09:56:00Z,3527,3527,180,3,10,http://datos.santander.es/api/datos/mediciones/3527-fcd49043-fe20-11e9-b99a-005056a43242.csv
3531-fcd5907f-fe20-11e9-b99a-005056a43242,2019-11-03T09:56:00Z,3531,3531,60,0,5,http://datos.santander.es/api/datos/mediciones/3531-fcd5907f-fe20-11e9-b99a-005056a43242.csv
3532-fcd677fe-fe20-11e9-b99a-005056a43242,2019-11-03T09:56:00Z,3532,3532,60,0,5,http://datos.santander.es/api/datos/mediciones/3532-fcd677fe-fe20-11e9-b99a-005056a43242.csv
3535-fcd768d9-fe20-11e9-b99a-005056a43242,2019-11-03T09:56:00Z,3535,3535,240,5,23,http://datos.santander.es/api/datos/mediciones/3535-fcd768d9-fe20-11e9-b99a-005056a43242.csv
3538-fcda5a7b-fe20-11e9-b99a-005056a43242,2019-11-03T09:56:00Z,3538,3538,120,3,11,http://datos.santander.es/api/datos/mediciones/3538-fcda5a7b-fe20-11e9-b99a-005056a43242.csv
3543-fcdc8837-fe20-11e9-b99a-005056a43242,2019-11-03T09:56:00Z,3543,3543,0,0,0,http://datos.santander.es/api/datos/mediciones/3543-fcdc8837-fe20-11e9-b99a-005056a43242.csv
3544-fcdd9667-fe20-11e9-b99a-005056a43242,2019-11-03T09:56:00Z,3544,3544,180,2,16,http://datos.santander.es/api/datos/mediciones/3544-fcdd9667-fe20-11e9-b99a-005056a43242.csv
3546-fcdf8a52-fe20-11e9-b99a-005056a43242,2019-11-03T09:56:00Z,3546,3546,180,2,16,http://datos.santander.es/api/datos/mediciones/3546-fcdf8a52-fe20-11e9-b99a-005056a43242.csv
3548-fce19980-fe20-11e9-b99a-005056a43242,2019-11-03T09:56:00Z,3548,3548,60,0,2,http://datos.santander.es/api/datos/mediciones/3548-fce19980-fe20-11e9-b99a-005056a43242.csv
3901-fce38707-fe20-11e9-b99a-005056a43242,2019-11-03T09:56:00Z,3901,3901,360,7,33,http://datos.santander.es/api/datos/mediciones/3901-fce38707-fe20-11e9-b99a-005056a43242.csv
3904-fce6679a-fe20-11e9-b99a-005056a43242,2019-11-03T09:56:00Z,3904,3904,120,3,7,http://datos.santander.es/api/datos/mediciones/3904-fce6679a-fe20-11e9-b99a-005056a43242.csv
3905-fce756bb-fe20-11e9-b99a-005056a43242,2019-11-03T09:56:00Z,3905,3905,180,2,16,http://datos.santander.es/api/datos/mediciones/3905-fce756bb-fe20-11e9-b99a-005056a43242.csv
3908-fceaaadc-fe20-11e9-b99a-005056a43242,2019-11-03T09:56:00Z,3908,3908,120,100,100,http://datos.santander.es/api/datos/mediciones/3908-fceaaadc-fe20-11e9-b99a-005056a43242.csv
3913-fcef8af5-fe20-11e9-b99a-005056a43242,2019-11-03T09:56:00Z,3913,3913,240,2,11,http://datos.santander.es/api/datos/mediciones/3913-fcef8af5-fe20-11e9-b99a-005056a43242.csv
3914-fcf09aa8-fe20-11e9-b99a-005056a43242,2019-11-03T09:56:00Z,3914,3914,480,8,42,http://datos.santander.es/api/datos/mediciones/3914-fcf09aa8-fe20-11e9-b99a-005056a43242.csv
3916-fcf272f5-fe20-11e9-b99a-005056a43242,2019-11-03T09:56:00Z,3916,3916,180,2,8,http://datos.santander.es/api/datos/mediciones/3916-fcf272f5-fe20-11e9-b99a-005056a43242.csv
3917-fcf38244-fe20-11e9-b99a-005056a43242,2019-11-03T09:56:00Z,3917,3917,180,2,14,http://datos.santander.es/api/datos/mediciones/3917-fcf38244-fe20-11e9-b99a-005056a43242.csv
3918-fcf49e4f-fe20-11e9-b99a-005056a43242,2019-11-03T09:56:00Z,3918,3918,556,10,43,http://datos.santander.es/api/datos/mediciones/3918-fcf49e4f-fe20-11e9-b99a-005056a43242.csv
3920-fcf6b460-fe20-11e9-b99a-005056a43242,2019-11-03T09:56:00Z,3920,3920,300,3,13,http://datos.santander.es/api/datos/mediciones/3920-fcf6b460-fe20-11e9-b99a-005056a43242.csv
3923-fcf9ae9e-fe20-11e9-b99a-005056a43242,2019-11-03T09:56:00Z,3923,3923,540,6,24,http://datos.santander.es/api/datos/mediciones/3923-fcf9ae9e-fe20-11e9-b99a-005056a43242.csv
3925-fcfbd875-fe20-11e9-b99a-005056a43242,2019-11-03T09:56:00Z,3925,3925,240,5,14,http://datos.santander.es/api/datos/mediciones/3925-fcfbd875-fe20-11e9-b99a-005056a43242.csv
4001-fcfd0008-fe20-11e9-b99a-005056a43242,2019-11-03T09:56:00Z,4001,4001,379,12,23,http://datos.santander.es/api/datos/mediciones/4001-fcfd0008-fe20-11e9-b99a-005056a43242.csv
4003-fcff2cd6-fe20-11e9-b99a-005056a43242,2019-11-03T09:56:00Z,4003,4003,370,10,21,http://datos.santander.es/api/datos/mediciones/4003-fcff2cd6-fe20-11e9-b99a-005056a43242.csv
4006-fd028a49-fe20-11e9-b99a-005056a43242,2019-11-03T09:56:00Z,4006,4006,204,3,10,http://datos.santander.es/api/datos/mediciones/4006-fd028a49-fe20-11e9-b99a-005056a43242.csv
4008-fd04a7ba-fe20-11e9-b99a-005056a43242,2019-11-03T09:56:00Z,4008,4008,189,8,14,http://datos.santander.es/api/datos/mediciones/4008-fd04a7ba-fe20-11e9-b99a-005056a43242.csv
4010-fd06d067-fe20-11e9-b99a-005056a43242,2019-11-03T09:56:00Z,4010,4010,409,5,18,http://datos.santander.es/api/datos/mediciones/4010-fd06d067-fe20-11e9-b99a-005056a43242.csv
4013-fd08f176-fe20-11e9-b99a-005056a43242,2019-11-03T09:56:00Z,4013,4013,248,11,26,http://datos.santander.es/api/datos/mediciones/4013-fd08f176-fe20-11e9-b99a-005056a43242.csv
4016-fd0cbb2a-fe20-11e9-b99a-005056a43242,2019-11-03T09:56:00Z,4016,4016,231,2,17,http://datos.santander.es/api/datos/mediciones/4016-fd0cbb2a-fe20-11e9-b99a-005056a43242.csv
4018-fd0ed865-fe20-11e9-b99a-005056a43242,2019-11-03T09:56:00Z,4018,4018,272,10,18,http://datos.santander.es/api/datos/mediciones/4018-fd0ed865-fe20-11e9-b99a-005056a43242.csv
4020-fd10cd5e-fe20-11e9-b99a-005056a43242,2019-11-03T09:56:00Z,4020,4020,543,9,25,http://datos.santander.es/api/datos/mediciones/4020-fd10cd5e-fe20-11e9-b99a-005056a43242.csv
4022-fd12d012-fe20-11e9-b99a-005056a43242,2019-11-03T09:56:00Z,4022,4022,681,11,31,http://datos.santander.es/api/datos/mediciones/4022-fd12d012-fe20-11e9-b99a-005056a43242.csv
4024-fd14f655-fe20-11e9-b99a-005056a43242,2019-11-03T09:56:00Z,4024,4024,453,10,24,http://datos.santander.es/api/datos/mediciones/4024-fd14f655-fe20-11e9-b99a-005056a43242.csv
4025-fd1606c2-fe20-11e9-b99a-005056a43242,2019-11-03T09:56:00Z,4025,4025,528,11,27,http://datos.santander.es/api/datos/mediciones/4025-fd1606c2-fe20-11e9-b99a-005056a43242.csv
4027-fd182b66-fe20-11e9-b99a-005056a43242,2019-11-03T09:56:00Z,4027,4027,264,4,12,http://datos.santander.es/api/datos/mediciones/4027-fd182b66-fe20-11e9-b99a-005056a43242.csv
4030-fd1ad8a2-fe20-11e9-b99a-005056a43242,2019-11-03T09:56:00Z,4030,4030,392,10,22,http://datos.santander.es/api/datos/mediciones/4030-fd1ad8a2-fe20-11e9-b99a-005056a43242.csv
4031-fd1bc23b-fe20-11e9-b99a-005056a43242,2019-11-03T09:56:00Z,4031,4031,490,3,19,http://datos.santander.es/api/datos/mediciones/4031-fd1bc23b-fe20-11e9-b99a-005056a43242.csv
4035-fd1f858e-fe20-11e9-b99a-005056a43242,2019-11-03T09:56:00Z,4035,4035,169,3,15,http://datos.santander.es/api/datos/mediciones/4035-fd1f858e-fe20-11e9-b99a-005056a43242.csv
5002-fd219f54-fe20-11e9-b99a-005056a43242,2019-11-03T09:56:00Z,5002,5002,60,2,6,http://datos.santander.es/api/datos/mediciones/5002-fd219f54-fe20-11e9-b99a-005056a43242.csv
5004-fd236ffd-fe20-11e9-b99a-005056a43242,2019-11-03T09:56:00Z,5004,5004,60,42,44,http://datos.santander.es/api/datos/mediciones/5004-fd236ffd-fe20-11e9-b99a-005056a43242.csv
5007-fd264b02-fe20-11e9-b99a-005056a43242,2019-11-03T09:56:00Z,5007,5007,0,0,0,http://datos.santander.es/api/datos/mediciones/5007-fd264b02-fe20-11e9-b99a-005056a43242.csv
5009-fd281b5a-fe20-11e9-b99a-005056a43242,2019-11-03T09:56:00Z,5009,5009,0,0,0,http://datos.santander.es/api/datos/mediciones/5009-fd281b5a-fe20-11e9-b99a-005056a43242.csv
5010-fd291b50-fe20-11e9-b99a-005056a43242,2019-11-03T09:56:00Z,5010,5010,0,0,0,http://datos.santander.es/api/datos/mediciones/5010-fd291b50-fe20-11e9-b99a-005056a43242.csv
5013-fd2a197a-fe20-11e9-b99a-005056a43242,2019-11-03T09:56:00Z,5013,5013,60,97,97,http://datos.santander.es/api/datos/mediciones/5013-fd2a197a-fe20-11e9-b99a-005056a43242.csv
5016-fd2d08d1-fe20-11e9-b99a-005056a43242,2019-11-03T09:56:00Z,5016,5016,60,0,4,http://datos.santander.es/api/datos/mediciones/5016-fd2d08d1-fe20-11e9-b99a-005056a43242.csv
5021-fd31ca1c-fe20-11e9-b99a-005056a43242,2019-11-03T09:56:00Z,5021,5021,0,0,0,http://datos.santander.es/api/datos/mediciones/5021-fd31ca1c-fe20-11e9-b99a-005056a43242.csv
5022-fd32b79b-fe20-11e9-b99a-005056a43242,2019-11-03T09:56:00Z,5022,5022,0,0,0,http://datos.santander.es/api/datos/mediciones/5022-fd32b79b-fe20-11e9-b99a-005056a43242.csv
5024-fd34daf8-fe20-11e9-b99a-005056a43242,2019-11-03T09:56:00Z,5024,5024,0,0,0,http://datos.santander.es/api/datos/mediciones/5024-fd34daf8-fe20-11e9-b99a-005056a43242.csv
5026-fd36d517-fe20-11e9-b99a-005056a43242,2019-11-03T09:56:00Z,5026,5026,0,0,0,http://datos.santander.es/api/datos/mediciones/5026-fd36d517-fe20-11e9-b99a-005056a43242.csv
6004-fd3d81d3-fe20-11e9-b99a-005056a43242,2019-11-03T09:56:00Z,6004,6004,0,0,0,http://datos.santander.es/api/datos/mediciones/6004-fd3d81d3-fe20-11e9-b99a-005056a43242.csv
6005-fd3e772a-fe20-11e9-b99a-005056a43242,2019-11-03T09:56:00Z,6005,6005,0,0,0,http://datos.santander.es/api/datos/mediciones/6005-fd3e772a-fe20-11e9-b99a-005056a43242.csv
6006-fd3f7af1-fe20-11e9-b99a-005056a43242,2019-11-03T09:56:00Z,6006,6006,4,0,0,http://datos.santander.es/api/datos/mediciones/6006-fd3f7af1-fe20-11e9-b99a-005056a43242.csv
6008-fd414fdf-fe20-11e9-b99a-005056a43242,2019-11-03T09:56:00Z,6008,6008,16,28,29,http://datos.santander.es/api/datos/mediciones/6008-fd414fdf-fe20-11e9-b99a-005056a43242.csv
6010-fd430c8f-fe20-11e9-b99a-005056a43242,2019-11-03T09:56:00Z,6010,6010,0,0,0,http://datos.santander.es/api/datos/mediciones/6010-fd430c8f-fe20-11e9-b99a-005056a43242.csv
6011-fd43ee04-fe20-11e9-b99a-005056a43242,2019-11-03T09:56:00Z,6011,6011,60,0,4,http://datos.santander.es/api/datos/mediciones/6011-fd43ee04-fe20-11e9-b99a-005056a43242.csv
6013-fd45bd66-fe20-11e9-b99a-005056a43242,2019-11-03T09:56:00Z,6013,6013,0,0,0,http://datos.santander.es/api/datos/mediciones/6013-fd45bd66-fe20-11e9-b99a-005056a43242.csv
6015-fd477c80-fe20-11e9-b99a-005056a43242,2019-11-03T09:56:00Z,6015,6015,60,20,23,http://datos.santander.es/api/datos/mediciones/6015-fd477c80-fe20-11e9-b99a-005056a43242.csv
6019-fd4b5867-fe20-11e9-b99a-005056a43242,2019-11-03T09:56:00Z,6019,6019,60,0,4,http://datos.santander.es/api/datos/mediciones/6019-fd4b5867-fe20-11e9-b99a-005056a43242.csv
6020-fd4c53bf-fe20-11e9-b99a-005056a43242,2019-11-03T09:56:00Z,6020,6020,0,0,0,http://datos.santander.es/api/datos/mediciones/6020-fd4c53bf-fe20-11e9-b99a-005056a43242.csv
6022-fd4e232f-fe20-11e9-b99a-005056a43242,2019-11-03T09:56:00Z,6022,6022,4,2,2,http://datos.santander.es/api/datos/mediciones/6022-fd4e232f-fe20-11e9-b99a-005056a43242.csv
7001-fd50e147-fe20-11e9-b99a-005056a43242,2019-11-03T09:56:00Z,7001,7001,420,5,18,http://datos.santander.es/api/datos/mediciones/7001-fd50e147-fe20-11e9-b99a-005056a43242.csv
7003-fd52b8ea-fe20-11e9-b99a-005056a43242,2019-11-03T09:56:00Z,7003,7003,240,2,10,http://datos.santander.es/api/datos/mediciones/7003-fd52b8ea-fe20-11e9-b99a-005056a43242.csv
7005-fd54b5bc-fe20-11e9-b99a-005056a43242,2019-11-03T09:56:00Z,7005,7005,420,7,40,http://datos.santander.es/api/datos/mediciones/7005-fd54b5bc-fe20-11e9-b99a-005056a43242.csv
7007-fd56ad0f-fe20-11e9-b99a-005056a43242,2019-11-03T09:56:00Z,7007,7007,360,3,15,http://datos.santander.es/api/datos/mediciones/7007-fd56ad0f-fe20-11e9-b99a-005056a43242.csv
7008-fd57bdb0-fe20-11e9-b99a-005056a43242,2019-11-03T09:56:00Z,7008,7008,300,2,12,http://datos.santander.es/api/datos/mediciones/7008-fd57bdb0-fe20-11e9-b99a-005056a43242.csv
7010-fd59d6ca-fe20-11e9-b99a-005056a43242,2019-11-03T09:56:00Z,7010,7010,300,2,12,http://datos.santander.es/api/datos/mediciones/7010-fd59d6ca-fe20-11e9-b99a-005056a43242.csv
7013-fd5ce217-fe20-11e9-b99a-005056a43242,2019-11-03T09:56:00Z,7013,7013,180,1,7,http://datos.santander.es/api/datos/mediciones/7013-fd5ce217-fe20-11e9-b99a-005056a43242.csv
7016-fd5fa840-fe20-11e9-b99a-005056a43242,2019-11-03T09:56:00Z,7016,7016,0,0,0,http://datos.santander.es/api/datos/mediciones/7016-fd5fa840-fe20-11e9-b99a-005056a43242.csv
7017-fd60934f-fe20-11e9-b99a-005056a43242,2019-11-03T09:56:00Z,7017,7017,420,4,20,http://datos.santander.es/api/datos/mediciones/7017-fd60934f-fe20-11e9-b99a-005056a43242.csv
7018-fd61781b-fe20-11e9-b99a-005056a43242,2019-11-03T09:56:00Z,7018,7018,180,2,7,http://datos.santander.es/api/datos/mediciones/7018-fd61781b-fe20-11e9-b99a-005056a43242.csv
7020-fd634b48-fe20-11e9-b99a-005056a43242,2019-11-03T09:56:00Z,7020,7020,180,3,16,http://datos.santander.es/api/datos/mediciones/7020-fd634b48-fe20-11e9-b99a-005056a43242.csv
7022-fd653e31-fe20-11e9-b99a-005056a43242,2019-11-03T09:56:00Z,7022,7022,360,3,16,http://datos.santander.es/api/datos/mediciones/7022-fd653e31-fe20-11e9-b99a-005056a43242.csv
7024-fd67622a-fe20-11e9-b99a-005056a43242,2019-11-03T09:56:00Z,7024,7024,240,3,11,http://datos.santander.es/api/datos/mediciones/7024-fd67622a-fe20-11e9-b99a-005056a43242.csv
7026-fd69b18f-fe20-11e9-b99a-005056a43242,2019-11-03T09:56:00Z,7026,7026,720,4,27,http://datos.santander.es/api/datos/mediciones/7026-fd69b18f-fe20-11e9-b99a-005056a43242.csv
7028-fd6bcf26-fe20-11e9-b99a-005056a43242,2019-11-03T09:56:00Z,7028,7028,0,0,0,http://datos.santander.es/api/datos/mediciones/7028-fd6bcf26-fe20-11e9-b99a-005056a43242.csv
7029-fd6ce042-fe20-11e9-b99a-005056a43242,2019-11-03T09:56:00Z,7029,7029,60,0,5,http://datos.santander.es/api/datos/mediciones/7029-fd6ce042-fe20-11e9-b99a-005056a43242.csv
7032-fd7002f5-fe20-11e9-b99a-005056a43242,2019-11-03T09:56:00Z,7032,7032,60,0,2,http://datos.santander.es/api/datos/mediciones/7032-fd7002f5-fe20-11e9-b99a-005056a43242.csv
7503-fd73cd5b-fe20-11e9-b99a-005056a43242,2019-11-03T09:56:00Z,7503,7503,180,1,7,http://datos.santander.es/api/datos/mediciones/7503-fd73cd5b-fe20-11e9-b99a-005056a43242.csv
7504-fd74b71f-fe20-11e9-b99a-005056a43242,2019-11-03T09:56:00Z,7504,7504,120,2,10,http://datos.santander.es/api/datos/mediciones/7504-fd74b71f-fe20-11e9-b99a-005056a43242.csv
7505-fd75a1d7-fe20-11e9-b99a-005056a43242,2019-11-03T09:56:00Z,7505,7505,180,1,7,http://datos.santander.es/api/datos/mediciones/7505-fd75a1d7-fe20-11e9-b99a-005056a43242.csv
7506-fd768532-fe20-11e9-b99a-005056a43242,2019-11-03T09:56:00Z,7506,7506,0,0,0,http://datos.santander.es/api/datos/mediciones/7506-fd768532-fe20-11e9-b99a-005056a43242.csv
7507-fd7788a1-fe20-11e9-b99a-005056a43242,2019-11-03T09:56:00Z,7507,7507,180,1,7,http://datos.santander.es/api/datos/mediciones/7507-fd7788a1-fe20-11e9-b99a-005056a43242.csv
7509-fd79abc1-fe20-11e9-b99a-005056a43242,2019-11-03T09:56:00Z,7509,7509,107,2,10,http://datos.santander.es/api/datos/mediciones/7509-fd79abc1-fe20-11e9-b99a-005056a43242.csv
7905-fd7ea782-fe20-11e9-b99a-005056a43242,2019-11-03T09:56:00Z,7905,7905,0,0,0,http://datos.santander.es/api/datos/mediciones/7905-fd7ea782-fe20-11e9-b99a-005056a43242.csv
7907-fd807e78-fe20-11e9-b99a-005056a43242,2019-11-03T09:56:00Z,7907,7907,300,2,12,http://datos.santander.es/api/datos/mediciones/7907-fd807e78-fe20-11e9-b99a-005056a43242.csv
